  正在產生程式碼
  Previous IPDB and IOBJ mismatch, fall back to full compilation.
  All 6705 functions were compiled because no usable IPDB/IOBJ from previous compilation was found.
  已完成程式碼產生
libcrypto.lib(libcrypto-lib-digest.obj) : warning LNK4099: 找不到 PDB '' (有 'libcrypto.lib(libcrypto-lib-digest.obj)' 或位於 '')，當做沒有偵錯資訊，連結物件
libcrypto.lib(libcrypto-lib-x509_ext.obj) : warning LNK4099: 找不到 PDB '' (有 'libcrypto.lib(libcrypto-lib-x509_ext.obj)' 或位於 '')，當做沒有偵錯資訊，連結物件
libcrypto.lib(libcrypto-lib-asn1_lib.obj) : warning LNK4099: 找不到 PDB '' (有 'libcrypto.lib(libcrypto-lib-asn1_lib.obj)' 或位於 '')，當做沒有偵錯資訊，連結物件
libcrypto.lib(libcrypto-lib-x_x509.obj) : warning LNK4099: 找不到 PDB '' (有 'libcrypto.lib(libcrypto-lib-x_x509.obj)' 或位於 '')，當做沒有偵錯資訊，連結物件
libcrypto.lib(libcrypto-lib-bss_sock.obj) : warning LNK4099: 找不到 PDB '' (有 'libcrypto.lib(libcrypto-lib-bss_sock.obj)' 或位於 '')，當做沒有偵錯資訊，連結物件
libcrypto.lib(libcrypto-lib-legacy_sha.obj) : warning LNK4099: 找不到 PDB '' (有 'libcrypto.lib(libcrypto-lib-legacy_sha.obj)' 或位於 '')，當做沒有偵錯資訊，連結物件
libcrypto.lib(libcrypto-lib-stack.obj) : warning LNK4099: 找不到 PDB '' (有 'libcrypto.lib(libcrypto-lib-stack.obj)' 或位於 '')，當做沒有偵錯資訊，連結物件
libcrypto.lib(libcrypto-lib-v3_genn.obj) : warning LNK4099: 找不到 PDB '' (有 'libcrypto.lib(libcrypto-lib-v3_genn.obj)' 或位於 '')，當做沒有偵錯資訊，連結物件
libcrypto.lib(libcrypto-lib-legacy_md5.obj) : warning LNK4099: 找不到 PDB '' (有 'libcrypto.lib(libcrypto-lib-legacy_md5.obj)' 或位於 '')，當做沒有偵錯資訊，連結物件
libcrypto.lib(libcrypto-lib-x509_cmp.obj) : warning LNK4099: 找不到 PDB '' (有 'libcrypto.lib(libcrypto-lib-x509_cmp.obj)' 或位於 '')，當做沒有偵錯資訊，連結物件
libcrypto.lib(libcrypto-lib-x509_lu.obj) : warning LNK4099: 找不到 PDB '' (有 'libcrypto.lib(libcrypto-lib-x509_lu.obj)' 或位於 '')，當做沒有偵錯資訊，連結物件
libcrypto.lib(libcrypto-lib-x509name.obj) : warning LNK4099: 找不到 PDB '' (有 'libcrypto.lib(libcrypto-lib-x509name.obj)' 或位於 '')，當做沒有偵錯資訊，連結物件
libcrypto.lib(libcrypto-lib-bio_lib.obj) : warning LNK4099: 找不到 PDB '' (有 'libcrypto.lib(libcrypto-lib-bio_lib.obj)' 或位於 '')，當做沒有偵錯資訊，連結物件
libcrypto.lib(libcrypto-lib-mem.obj) : warning LNK4099: 找不到 PDB '' (有 'libcrypto.lib(libcrypto-lib-mem.obj)' 或位於 '')，當做沒有偵錯資訊，連結物件
libcrypto.lib(libcrypto-lib-cryptlib.obj) : warning LNK4099: 找不到 PDB '' (有 'libcrypto.lib(libcrypto-lib-cryptlib.obj)' 或位於 '')，當做沒有偵錯資訊，連結物件
libcrypto.lib(libcrypto-lib-o_names.obj) : warning LNK4099: 找不到 PDB '' (有 'libcrypto.lib(libcrypto-lib-o_names.obj)' 或位於 '')，當做沒有偵錯資訊，連結物件
libcrypto.lib(libcrypto-lib-obj_dat.obj) : warning LNK4099: 找不到 PDB '' (有 'libcrypto.lib(libcrypto-lib-obj_dat.obj)' 或位於 '')，當做沒有偵錯資訊，連結物件
libcrypto.lib(libcrypto-lib-params.obj) : warning LNK4099: 找不到 PDB '' (有 'libcrypto.lib(libcrypto-lib-params.obj)' 或位於 '')，當做沒有偵錯資訊，連結物件
libcrypto.lib(libcrypto-lib-evp_lib.obj) : warning LNK4099: 找不到 PDB '' (有 'libcrypto.lib(libcrypto-lib-evp_lib.obj)' 或位於 '')，當做沒有偵錯資訊，連結物件
libcrypto.lib(libcrypto-lib-m_sigver.obj) : warning LNK4099: 找不到 PDB '' (有 'libcrypto.lib(libcrypto-lib-m_sigver.obj)' 或位於 '')，當做沒有偵錯資訊，連結物件
libcrypto.lib(libcrypto-lib-pmeth_lib.obj) : warning LNK4099: 找不到 PDB '' (有 'libcrypto.lib(libcrypto-lib-pmeth_lib.obj)' 或位於 '')，當做沒有偵錯資訊，連結物件
libcrypto.lib(libcrypto-lib-err_blocks.obj) : warning LNK4099: 找不到 PDB '' (有 'libcrypto.lib(libcrypto-lib-err_blocks.obj)' 或位於 '')，當做沒有偵錯資訊，連結物件
libcrypto.lib(libcrypto-lib-tb_digest.obj) : warning LNK4099: 找不到 PDB '' (有 'libcrypto.lib(libcrypto-lib-tb_digest.obj)' 或位於 '')，當做沒有偵錯資訊，連結物件
libcrypto.lib(libcrypto-lib-eng_init.obj) : warning LNK4099: 找不到 PDB '' (有 'libcrypto.lib(libcrypto-lib-eng_init.obj)' 或位於 '')，當做沒有偵錯資訊，連結物件
libcrypto.lib(libcrypto-lib-provider_core.obj) : warning LNK4099: 找不到 PDB '' (有 'libcrypto.lib(libcrypto-lib-provider_core.obj)' 或位於 '')，當做沒有偵錯資訊，連結物件
libcrypto.lib(libcrypto-lib-core_algorithm.obj) : warning LNK4099: 找不到 PDB '' (有 'libcrypto.lib(libcrypto-lib-core_algorithm.obj)' 或位於 '')，當做沒有偵錯資訊，連結物件
libcrypto.lib(libcrypto-lib-evp_fetch.obj) : warning LNK4099: 找不到 PDB '' (有 'libcrypto.lib(libcrypto-lib-evp_fetch.obj)' 或位於 '')，當做沒有偵錯資訊，連結物件
libcrypto.lib(libcrypto-lib-evp_utils.obj) : warning LNK4099: 找不到 PDB '' (有 'libcrypto.lib(libcrypto-lib-evp_utils.obj)' 或位於 '')，當做沒有偵錯資訊，連結物件
libcrypto.lib(libcrypto-lib-x509_v3.obj) : warning LNK4099: 找不到 PDB '' (有 'libcrypto.lib(libcrypto-lib-x509_v3.obj)' 或位於 '')，當做沒有偵錯資訊，連結物件
libcrypto.lib(libcrypto-lib-v3_lib.obj) : warning LNK4099: 找不到 PDB '' (有 'libcrypto.lib(libcrypto-lib-v3_lib.obj)' 或位於 '')，當做沒有偵錯資訊，連結物件
libcrypto.lib(libcrypto-lib-x_val.obj) : warning LNK4099: 找不到 PDB '' (有 'libcrypto.lib(libcrypto-lib-x_val.obj)' 或位於 '')，當做沒有偵錯資訊，連結物件
libcrypto.lib(libcrypto-lib-x_pubkey.obj) : warning LNK4099: 找不到 PDB '' (有 'libcrypto.lib(libcrypto-lib-x_pubkey.obj)' 或位於 '')，當做沒有偵錯資訊，連結物件
libcrypto.lib(libcrypto-lib-x_exten.obj) : warning LNK4099: 找不到 PDB '' (有 'libcrypto.lib(libcrypto-lib-x_exten.obj)' 或位於 '')，當做沒有偵錯資訊，連結物件
libcrypto.lib(libcrypto-lib-x_name.obj) : warning LNK4099: 找不到 PDB '' (有 'libcrypto.lib(libcrypto-lib-x_name.obj)' 或位於 '')，當做沒有偵錯資訊，連結物件
libcrypto.lib(libcrypto-lib-tasn_typ.obj) : warning LNK4099: 找不到 PDB '' (有 'libcrypto.lib(libcrypto-lib-tasn_typ.obj)' 或位於 '')，當做沒有偵錯資訊，連結物件
libcrypto.lib(libcrypto-lib-x_algor.obj) : warning LNK4099: 找不到 PDB '' (有 'libcrypto.lib(libcrypto-lib-x_algor.obj)' 或位於 '')，當做沒有偵錯資訊，連結物件
libcrypto.lib(libcrypto-lib-ex_data.obj) : warning LNK4099: 找不到 PDB '' (有 'libcrypto.lib(libcrypto-lib-ex_data.obj)' 或位於 '')，當做沒有偵錯資訊，連結物件
libcrypto.lib(libcrypto-lib-o_str.obj) : warning LNK4099: 找不到 PDB '' (有 'libcrypto.lib(libcrypto-lib-o_str.obj)' 或位於 '')，當做沒有偵錯資訊，連結物件
libcrypto.lib(libcrypto-lib-a_dup.obj) : warning LNK4099: 找不到 PDB '' (有 'libcrypto.lib(libcrypto-lib-a_dup.obj)' 或位於 '')，當做沒有偵錯資訊，連結物件
libcrypto.lib(libcrypto-lib-tasn_new.obj) : warning LNK4099: 找不到 PDB '' (有 'libcrypto.lib(libcrypto-lib-tasn_new.obj)' 或位於 '')，當做沒有偵錯資訊，連結物件
libcrypto.lib(libcrypto-lib-tasn_fre.obj) : warning LNK4099: 找不到 PDB '' (有 'libcrypto.lib(libcrypto-lib-tasn_fre.obj)' 或位於 '')，當做沒有偵錯資訊，連結物件
libcrypto.lib(libcrypto-lib-tasn_dec.obj) : warning LNK4099: 找不到 PDB '' (有 'libcrypto.lib(libcrypto-lib-tasn_dec.obj)' 或位於 '')，當做沒有偵錯資訊，連結物件
libcrypto.lib(libcrypto-lib-tasn_enc.obj) : warning LNK4099: 找不到 PDB '' (有 'libcrypto.lib(libcrypto-lib-tasn_enc.obj)' 或位於 '')，當做沒有偵錯資訊，連結物件
libcrypto.lib(libcrypto-lib-x_x509a.obj) : warning LNK4099: 找不到 PDB '' (有 'libcrypto.lib(libcrypto-lib-x_x509a.obj)' 或位於 '')，當做沒有偵錯資訊，連結物件
libcrypto.lib(libcrypto-lib-v3_akeya.obj) : warning LNK4099: 找不到 PDB '' (有 'libcrypto.lib(libcrypto-lib-v3_akeya.obj)' 或位於 '')，當做沒有偵錯資訊，連結物件
libcrypto.lib(libcrypto-lib-v3_crld.obj) : warning LNK4099: 找不到 PDB '' (有 'libcrypto.lib(libcrypto-lib-v3_crld.obj)' 或位於 '')，當做沒有偵錯資訊，連結物件
libcrypto.lib(libcrypto-lib-v3_ncons.obj) : warning LNK4099: 找不到 PDB '' (有 'libcrypto.lib(libcrypto-lib-v3_ncons.obj)' 或位於 '')，當做沒有偵錯資訊，連結物件
libcrypto.lib(libcrypto-lib-v3_asid.obj) : warning LNK4099: 找不到 PDB '' (有 'libcrypto.lib(libcrypto-lib-v3_asid.obj)' 或位於 '')，當做沒有偵錯資訊，連結物件
libcrypto.lib(libcrypto-lib-v3_addr.obj) : warning LNK4099: 找不到 PDB '' (有 'libcrypto.lib(libcrypto-lib-v3_addr.obj)' 或位於 '')，當做沒有偵錯資訊，連結物件
libcrypto.lib(libcrypto-lib-pcy_cache.obj) : warning LNK4099: 找不到 PDB '' (有 'libcrypto.lib(libcrypto-lib-pcy_cache.obj)' 或位於 '')，當做沒有偵錯資訊，連結物件
libcrypto.lib(libcrypto-lib-bio_meth.obj) : warning LNK4099: 找不到 PDB '' (有 'libcrypto.lib(libcrypto-lib-bio_meth.obj)' 或位於 '')，當做沒有偵錯資訊，連結物件
libcrypto.lib(libcrypto-lib-bio_sock2.obj) : warning LNK4099: 找不到 PDB '' (有 'libcrypto.lib(libcrypto-lib-bio_sock2.obj)' 或位於 '')，當做沒有偵錯資訊，連結物件
libcrypto.lib(libcrypto-lib-bio_addr.obj) : warning LNK4099: 找不到 PDB '' (有 'libcrypto.lib(libcrypto-lib-bio_addr.obj)' 或位於 '')，當做沒有偵錯資訊，連結物件
libcrypto.lib(libcrypto-lib-sha1dgst.obj) : warning LNK4099: 找不到 PDB '' (有 'libcrypto.lib(libcrypto-lib-sha1dgst.obj)' 或位於 '')，當做沒有偵錯資訊，連結物件
libcrypto.lib(libcrypto-lib-sha256.obj) : warning LNK4099: 找不到 PDB '' (有 'libcrypto.lib(libcrypto-lib-sha256.obj)' 或位於 '')，當做沒有偵錯資訊，連結物件
libcrypto.lib(libcrypto-lib-sha512.obj) : warning LNK4099: 找不到 PDB '' (有 'libcrypto.lib(libcrypto-lib-sha512.obj)' 或位於 '')，當做沒有偵錯資訊，連結物件
libcrypto.lib(libcrypto-lib-sha3.obj) : warning LNK4099: 找不到 PDB '' (有 'libcrypto.lib(libcrypto-lib-sha3.obj)' 或位於 '')，當做沒有偵錯資訊，連結物件
libcrypto.lib(libcrypto-lib-bsearch.obj) : warning LNK4099: 找不到 PDB '' (有 'libcrypto.lib(libcrypto-lib-bsearch.obj)' 或位於 '')，當做沒有偵錯資訊，連結物件
libcrypto.lib(libcrypto-lib-a_type.obj) : warning LNK4099: 找不到 PDB '' (有 'libcrypto.lib(libcrypto-lib-a_type.obj)' 或位於 '')，當做沒有偵錯資訊，連結物件
libcrypto.lib(libcrypto-lib-a_octet.obj) : warning LNK4099: 找不到 PDB '' (有 'libcrypto.lib(libcrypto-lib-a_octet.obj)' 或位於 '')，當做沒有偵錯資訊，連結物件
libcrypto.lib(libcrypto-lib-obj_lib.obj) : warning LNK4099: 找不到 PDB '' (有 'libcrypto.lib(libcrypto-lib-obj_lib.obj)' 或位於 '')，當做沒有偵錯資訊，連結物件
libcrypto.lib(libcrypto-lib-md5_dgst.obj) : warning LNK4099: 找不到 PDB '' (有 'libcrypto.lib(libcrypto-lib-md5_dgst.obj)' 或位於 '')，當做沒有偵錯資訊，連結物件
libcrypto.lib(libcrypto-lib-a_int.obj) : warning LNK4099: 找不到 PDB '' (有 'libcrypto.lib(libcrypto-lib-a_int.obj)' 或位於 '')，當做沒有偵錯資訊，連結物件
libcrypto.lib(libcrypto-lib-p_lib.obj) : warning LNK4099: 找不到 PDB '' (有 'libcrypto.lib(libcrypto-lib-p_lib.obj)' 或位於 '')，當做沒有偵錯資訊，連結物件
libcrypto.lib(libcrypto-lib-x509_vfy.obj) : warning LNK4099: 找不到 PDB '' (有 'libcrypto.lib(libcrypto-lib-x509_vfy.obj)' 或位於 '')，當做沒有偵錯資訊，連結物件
libcrypto.lib(libcrypto-lib-x509_obj.obj) : warning LNK4099: 找不到 PDB '' (有 'libcrypto.lib(libcrypto-lib-x509_obj.obj)' 或位於 '')，當做沒有偵錯資訊，連結物件
libcrypto.lib(libcrypto-lib-x509_set.obj) : warning LNK4099: 找不到 PDB '' (有 'libcrypto.lib(libcrypto-lib-x509_set.obj)' 或位於 '')，當做沒有偵錯資訊，連結物件
libcrypto.lib(libcrypto-lib-v3_purp.obj) : warning LNK4099: 找不到 PDB '' (有 'libcrypto.lib(libcrypto-lib-v3_purp.obj)' 或位於 '')，當做沒有偵錯資訊，連結物件
libcrypto.lib(libcrypto-lib-threads_win.obj) : warning LNK4099: 找不到 PDB '' (有 'libcrypto.lib(libcrypto-lib-threads_win.obj)' 或位於 '')，當做沒有偵錯資訊，連結物件
libcrypto.lib(libcrypto-lib-a_time.obj) : warning LNK4099: 找不到 PDB '' (有 'libcrypto.lib(libcrypto-lib-a_time.obj)' 或位於 '')，當做沒有偵錯資訊，連結物件
libcrypto.lib(libcrypto-lib-x509_vpm.obj) : warning LNK4099: 找不到 PDB '' (有 'libcrypto.lib(libcrypto-lib-x509_vpm.obj)' 或位於 '')，當做沒有偵錯資訊，連結物件
libcrypto.lib(libcrypto-lib-x_crl.obj) : warning LNK4099: 找不到 PDB '' (有 'libcrypto.lib(libcrypto-lib-x_crl.obj)' 或位於 '')，當做沒有偵錯資訊，連結物件
libcrypto.lib(libcrypto-lib-x509cset.obj) : warning LNK4099: 找不到 PDB '' (有 'libcrypto.lib(libcrypto-lib-x509cset.obj)' 或位於 '')，當做沒有偵錯資訊，連結物件
libcrypto.lib(libcrypto-lib-t_x509.obj) : warning LNK4099: 找不到 PDB '' (有 'libcrypto.lib(libcrypto-lib-t_x509.obj)' 或位於 '')，當做沒有偵錯資訊，連結物件
libcrypto.lib(libcrypto-lib-a_object.obj) : warning LNK4099: 找不到 PDB '' (有 'libcrypto.lib(libcrypto-lib-a_object.obj)' 或位於 '')，當做沒有偵錯資訊，連結物件
libcrypto.lib(libcrypto-lib-a_print.obj) : warning LNK4099: 找不到 PDB '' (有 'libcrypto.lib(libcrypto-lib-a_print.obj)' 或位於 '')，當做沒有偵錯資訊，連結物件
libcrypto.lib(libcrypto-lib-a_strnid.obj) : warning LNK4099: 找不到 PDB '' (有 'libcrypto.lib(libcrypto-lib-a_strnid.obj)' 或位於 '')，當做沒有偵錯資訊，連結物件
libcrypto.lib(libcrypto-lib-sleep.obj) : warning LNK4099: 找不到 PDB '' (有 'libcrypto.lib(libcrypto-lib-sleep.obj)' 或位於 '')，當做沒有偵錯資訊，連結物件
libcrypto.lib(libcrypto-lib-bio_sock.obj) : warning LNK4099: 找不到 PDB '' (有 'libcrypto.lib(libcrypto-lib-bio_sock.obj)' 或位於 '')，當做沒有偵錯資訊，連結物件
libcrypto.lib(libcrypto-lib-err.obj) : warning LNK4099: 找不到 PDB '' (有 'libcrypto.lib(libcrypto-lib-err.obj)' 或位於 '')，當做沒有偵錯資訊，連結物件
libcrypto.lib(libcrypto-lib-err_mark.obj) : warning LNK4099: 找不到 PDB '' (有 'libcrypto.lib(libcrypto-lib-err_mark.obj)' 或位於 '')，當做沒有偵錯資訊，連結物件
libcrypto.lib(libcrypto-lib-cpuid.obj) : warning LNK4099: 找不到 PDB '' (有 'libcrypto.lib(libcrypto-lib-cpuid.obj)' 或位於 '')，當做沒有偵錯資訊，連結物件
libcrypto.lib(libcrypto-lib-lhash.obj) : warning LNK4099: 找不到 PDB '' (有 'libcrypto.lib(libcrypto-lib-lhash.obj)' 或位於 '')，當做沒有偵錯資訊，連結物件
libcrypto.lib(libcrypto-lib-ctype.obj) : warning LNK4099: 找不到 PDB '' (有 'libcrypto.lib(libcrypto-lib-ctype.obj)' 或位於 '')，當做沒有偵錯資訊，連結物件
libcrypto.lib(libcrypto-lib-init.obj) : warning LNK4099: 找不到 PDB '' (有 'libcrypto.lib(libcrypto-lib-init.obj)' 或位於 '')，當做沒有偵錯資訊，連結物件
libcrypto.lib(libcrypto-lib-bio_print.obj) : warning LNK4099: 找不到 PDB '' (有 'libcrypto.lib(libcrypto-lib-bio_print.obj)' 或位於 '')，當做沒有偵錯資訊，連結物件
libcrypto.lib(libcrypto-lib-bn_lib.obj) : warning LNK4099: 找不到 PDB '' (有 'libcrypto.lib(libcrypto-lib-bn_lib.obj)' 或位於 '')，當做沒有偵錯資訊，連結物件
libcrypto.lib(libcrypto-lib-bn_word.obj) : warning LNK4099: 找不到 PDB '' (有 'libcrypto.lib(libcrypto-lib-bn_word.obj)' 或位於 '')，當做沒有偵錯資訊，連結物件
libcrypto.lib(libcrypto-lib-bn_shift.obj) : warning LNK4099: 找不到 PDB '' (有 'libcrypto.lib(libcrypto-lib-bn_shift.obj)' 或位於 '')，當做沒有偵錯資訊，連結物件
libcrypto.lib(libcrypto-lib-bn_conv.obj) : warning LNK4099: 找不到 PDB '' (有 'libcrypto.lib(libcrypto-lib-bn_conv.obj)' 或位於 '')，當做沒有偵錯資訊，連結物件
libcrypto.lib(libcrypto-lib-packet.obj) : warning LNK4099: 找不到 PDB '' (有 'libcrypto.lib(libcrypto-lib-packet.obj)' 或位於 '')，當做沒有偵錯資訊，連結物件
libcrypto.lib(libcrypto-lib-evp_asn1.obj) : warning LNK4099: 找不到 PDB '' (有 'libcrypto.lib(libcrypto-lib-evp_asn1.obj)' 或位於 '')，當做沒有偵錯資訊，連結物件
libcrypto.lib(libcrypto-lib-evp_enc.obj) : warning LNK4099: 找不到 PDB '' (有 'libcrypto.lib(libcrypto-lib-evp_enc.obj)' 或位於 '')，當做沒有偵錯資訊，連結物件
libcrypto.lib(libcrypto-lib-pmeth_gn.obj) : warning LNK4099: 找不到 PDB '' (有 'libcrypto.lib(libcrypto-lib-pmeth_gn.obj)' 或位於 '')，當做沒有偵錯資訊，連結物件
libcrypto.lib(libcrypto-lib-names.obj) : warning LNK4099: 找不到 PDB '' (有 'libcrypto.lib(libcrypto-lib-names.obj)' 或位於 '')，當做沒有偵錯資訊，連結物件
libcrypto.lib(libcrypto-lib-keymgmt_meth.obj) : warning LNK4099: 找不到 PDB '' (有 'libcrypto.lib(libcrypto-lib-keymgmt_meth.obj)' 或位於 '')，當做沒有偵錯資訊，連結物件
libcrypto.lib(libcrypto-lib-signature.obj) : warning LNK4099: 找不到 PDB '' (有 'libcrypto.lib(libcrypto-lib-signature.obj)' 或位於 '')，當做沒有偵錯資訊，連結物件
libcrypto.lib(libcrypto-lib-keymgmt_lib.obj) : warning LNK4099: 找不到 PDB '' (有 'libcrypto.lib(libcrypto-lib-keymgmt_lib.obj)' 或位於 '')，當做沒有偵錯資訊，連結物件
libcrypto.lib(libcrypto-lib-dh_pmeth.obj) : warning LNK4099: 找不到 PDB '' (有 'libcrypto.lib(libcrypto-lib-dh_pmeth.obj)' 或位於 '')，當做沒有偵錯資訊，連結物件
libcrypto.lib(libcrypto-lib-dsa_pmeth.obj) : warning LNK4099: 找不到 PDB '' (有 'libcrypto.lib(libcrypto-lib-dsa_pmeth.obj)' 或位於 '')，當做沒有偵錯資訊，連結物件
libcrypto.lib(libcrypto-lib-ec_pmeth.obj) : warning LNK4099: 找不到 PDB '' (有 'libcrypto.lib(libcrypto-lib-ec_pmeth.obj)' 或位於 '')，當做沒有偵錯資訊，連結物件
libcrypto.lib(libcrypto-lib-ecx_meth.obj) : warning LNK4099: 找不到 PDB '' (有 'libcrypto.lib(libcrypto-lib-ecx_meth.obj)' 或位於 '')，當做沒有偵錯資訊，連結物件
libcrypto.lib(libcrypto-lib-rsa_pmeth.obj) : warning LNK4099: 找不到 PDB '' (有 'libcrypto.lib(libcrypto-lib-rsa_pmeth.obj)' 或位於 '')，當做沒有偵錯資訊，連結物件
libcrypto.lib(libcrypto-lib-asymcipher.obj) : warning LNK4099: 找不到 PDB '' (有 'libcrypto.lib(libcrypto-lib-asymcipher.obj)' 或位於 '')，當做沒有偵錯資訊，連結物件
libcrypto.lib(libcrypto-lib-kem.obj) : warning LNK4099: 找不到 PDB '' (有 'libcrypto.lib(libcrypto-lib-kem.obj)' 或位於 '')，當做沒有偵錯資訊，連結物件
libcrypto.lib(libcrypto-lib-exchange.obj) : warning LNK4099: 找不到 PDB '' (有 'libcrypto.lib(libcrypto-lib-exchange.obj)' 或位於 '')，當做沒有偵錯資訊，連結物件
libcrypto.lib(libcrypto-lib-tb_pkmeth.obj) : warning LNK4099: 找不到 PDB '' (有 'libcrypto.lib(libcrypto-lib-tb_pkmeth.obj)' 或位於 '')，當做沒有偵錯資訊，連結物件
libcrypto.lib(libcrypto-lib-ctrl_params_translate.obj) : warning LNK4099: 找不到 PDB '' (有 'libcrypto.lib(libcrypto-lib-ctrl_params_translate.obj)' 或位於 '')，當做沒有偵錯資訊，連結物件
libcrypto.lib(libcrypto-lib-eng_list.obj) : warning LNK4099: 找不到 PDB '' (有 'libcrypto.lib(libcrypto-lib-eng_list.obj)' 或位於 '')，當做沒有偵錯資訊，連結物件
libcrypto.lib(libcrypto-lib-eng_table.obj) : warning LNK4099: 找不到 PDB '' (有 'libcrypto.lib(libcrypto-lib-eng_table.obj)' 或位於 '')，當做沒有偵錯資訊，連結物件
libcrypto.lib(libcrypto-lib-eng_lib.obj) : warning LNK4099: 找不到 PDB '' (有 'libcrypto.lib(libcrypto-lib-eng_lib.obj)' 或位於 '')，當做沒有偵錯資訊，連結物件
libcrypto.lib(libcrypto-lib-mem_sec.obj) : warning LNK4099: 找不到 PDB '' (有 'libcrypto.lib(libcrypto-lib-mem_sec.obj)' 或位於 '')，當做沒有偵錯資訊，連結物件
libcrypto.lib(libcrypto-lib-ossl_core_bio.obj) : warning LNK4099: 找不到 PDB '' (有 'libcrypto.lib(libcrypto-lib-ossl_core_bio.obj)' 或位於 '')，當做沒有偵錯資訊，連結物件
libcrypto.lib(libcrypto-lib-provider.obj) : warning LNK4099: 找不到 PDB '' (有 'libcrypto.lib(libcrypto-lib-provider.obj)' 或位於 '')，當做沒有偵錯資訊，連結物件
libcrypto.lib(libcrypto-lib-getenv.obj) : warning LNK4099: 找不到 PDB '' (有 'libcrypto.lib(libcrypto-lib-getenv.obj)' 或位於 '')，當做沒有偵錯資訊，連結物件
libcrypto.lib(libcrypto-lib-context.obj) : warning LNK4099: 找不到 PDB '' (有 'libcrypto.lib(libcrypto-lib-context.obj)' 或位於 '')，當做沒有偵錯資訊，連結物件
libcrypto.lib(libcrypto-lib-initthread.obj) : warning LNK4099: 找不到 PDB '' (有 'libcrypto.lib(libcrypto-lib-initthread.obj)' 或位於 '')，當做沒有偵錯資訊，連結物件
libcrypto.lib(libcrypto-lib-decoder_meth.obj) : warning LNK4099: 找不到 PDB '' (有 'libcrypto.lib(libcrypto-lib-decoder_meth.obj)' 或位於 '')，當做沒有偵錯資訊，連結物件
libcrypto.lib(libcrypto-lib-decoder_pkey.obj) : warning LNK4099: 找不到 PDB '' (有 'libcrypto.lib(libcrypto-lib-decoder_pkey.obj)' 或位於 '')，當做沒有偵錯資訊，連結物件
libcrypto.lib(libcrypto-lib-encoder_meth.obj) : warning LNK4099: 找不到 PDB '' (有 'libcrypto.lib(libcrypto-lib-encoder_meth.obj)' 或位於 '')，當做沒有偵錯資訊，連結物件
libcrypto.lib(libcrypto-lib-obj_xref.obj) : warning LNK4099: 找不到 PDB '' (有 'libcrypto.lib(libcrypto-lib-obj_xref.obj)' 或位於 '')，當做沒有偵錯資訊，連結物件
libcrypto.lib(libcrypto-lib-store_meth.obj) : warning LNK4099: 找不到 PDB '' (有 'libcrypto.lib(libcrypto-lib-store_meth.obj)' 或位於 '')，當做沒有偵錯資訊，連結物件
libcrypto.lib(libcrypto-lib-prov_seed.obj) : warning LNK4099: 找不到 PDB '' (有 'libcrypto.lib(libcrypto-lib-prov_seed.obj)' 或位於 '')，當做沒有偵錯資訊，連結物件
libcrypto.lib(libcrypto-lib-dso_lib.obj) : warning LNK4099: 找不到 PDB '' (有 'libcrypto.lib(libcrypto-lib-dso_lib.obj)' 或位於 '')，當做沒有偵錯資訊，連結物件
libcrypto.lib(libcrypto-lib-provider_child.obj) : warning LNK4099: 找不到 PDB '' (有 'libcrypto.lib(libcrypto-lib-provider_child.obj)' 或位於 '')，當做沒有偵錯資訊，連結物件
libcrypto.lib(libcrypto-lib-self_test_core.obj) : warning LNK4099: 找不到 PDB '' (有 'libcrypto.lib(libcrypto-lib-self_test_core.obj)' 或位於 '')，當做沒有偵錯資訊，連結物件
libcrypto.lib(libcrypto-lib-provider_predefined.obj) : warning LNK4099: 找不到 PDB '' (有 'libcrypto.lib(libcrypto-lib-provider_predefined.obj)' 或位於 '')，當做沒有偵錯資訊，連結物件
libcrypto.lib(libcrypto-lib-property_parse.obj) : warning LNK4099: 找不到 PDB '' (有 'libcrypto.lib(libcrypto-lib-property_parse.obj)' 或位於 '')，當做沒有偵錯資訊，連結物件
libcrypto.lib(libcrypto-lib-property_query.obj) : warning LNK4099: 找不到 PDB '' (有 'libcrypto.lib(libcrypto-lib-property_query.obj)' 或位於 '')，當做沒有偵錯資訊，連結物件
libcrypto.lib(libcrypto-lib-property.obj) : warning LNK4099: 找不到 PDB '' (有 'libcrypto.lib(libcrypto-lib-property.obj)' 或位於 '')，當做沒有偵錯資訊，連結物件
libcrypto.lib(libcrypto-lib-core_fetch.obj) : warning LNK4099: 找不到 PDB '' (有 'libcrypto.lib(libcrypto-lib-core_fetch.obj)' 或位於 '')，當做沒有偵錯資訊，連結物件
libcrypto.lib(libcrypto-lib-core_namemap.obj) : warning LNK4099: 找不到 PDB '' (有 'libcrypto.lib(libcrypto-lib-core_namemap.obj)' 或位於 '')，當做沒有偵錯資訊，連結物件
libcrypto.lib(libcrypto-lib-v3_bcons.obj) : warning LNK4099: 找不到 PDB '' (有 'libcrypto.lib(libcrypto-lib-v3_bcons.obj)' 或位於 '')，當做沒有偵錯資訊，連結物件
libcrypto.lib(libcrypto-lib-v3_bitst.obj) : warning LNK4099: 找不到 PDB '' (有 'libcrypto.lib(libcrypto-lib-v3_bitst.obj)' 或位於 '')，當做沒有偵錯資訊，連結物件
libcrypto.lib(libcrypto-lib-v3_extku.obj) : warning LNK4099: 找不到 PDB '' (有 'libcrypto.lib(libcrypto-lib-v3_extku.obj)' 或位於 '')，當做沒有偵錯資訊，連結物件
libcrypto.lib(libcrypto-lib-v3_pku.obj) : warning LNK4099: 找不到 PDB '' (有 'libcrypto.lib(libcrypto-lib-v3_pku.obj)' 或位於 '')，當做沒有偵錯資訊，連結物件
libcrypto.lib(libcrypto-lib-v3_sxnet.obj) : warning LNK4099: 找不到 PDB '' (有 'libcrypto.lib(libcrypto-lib-v3_sxnet.obj)' 或位於 '')，當做沒有偵錯資訊，連結物件
libcrypto.lib(libcrypto-lib-v3_info.obj) : warning LNK4099: 找不到 PDB '' (有 'libcrypto.lib(libcrypto-lib-v3_info.obj)' 或位於 '')，當做沒有偵錯資訊，連結物件
libcrypto.lib(libcrypto-lib-v3_ia5.obj) : warning LNK4099: 找不到 PDB '' (有 'libcrypto.lib(libcrypto-lib-v3_ia5.obj)' 或位於 '')，當做沒有偵錯資訊，連結物件
libcrypto.lib(libcrypto-lib-v3_san.obj) : warning LNK4099: 找不到 PDB '' (有 'libcrypto.lib(libcrypto-lib-v3_san.obj)' 或位於 '')，當做沒有偵錯資訊，連結物件
libcrypto.lib(libcrypto-lib-v3_skid.obj) : warning LNK4099: 找不到 PDB '' (有 'libcrypto.lib(libcrypto-lib-v3_skid.obj)' 或位於 '')，當做沒有偵錯資訊，連結物件
libcrypto.lib(libcrypto-lib-v3_akid.obj) : warning LNK4099: 找不到 PDB '' (有 'libcrypto.lib(libcrypto-lib-v3_akid.obj)' 或位於 '')，當做沒有偵錯資訊，連結物件
libcrypto.lib(libcrypto-lib-v3_int.obj) : warning LNK4099: 找不到 PDB '' (有 'libcrypto.lib(libcrypto-lib-v3_int.obj)' 或位於 '')，當做沒有偵錯資訊，連結物件
libcrypto.lib(libcrypto-lib-v3_enum.obj) : warning LNK4099: 找不到 PDB '' (有 'libcrypto.lib(libcrypto-lib-v3_enum.obj)' 或位於 '')，當做沒有偵錯資訊，連結物件
libcrypto.lib(libcrypto-lib-v3_ocsp.obj) : warning LNK4099: 找不到 PDB '' (有 'libcrypto.lib(libcrypto-lib-v3_ocsp.obj)' 或位於 '')，當做沒有偵錯資訊，連結物件
libcrypto.lib(libcrypto-lib-v3_cpols.obj) : warning LNK4099: 找不到 PDB '' (有 'libcrypto.lib(libcrypto-lib-v3_cpols.obj)' 或位於 '')，當做沒有偵錯資訊，連結物件
libcrypto.lib(libcrypto-lib-v3_pci.obj) : warning LNK4099: 找不到 PDB '' (有 'libcrypto.lib(libcrypto-lib-v3_pci.obj)' 或位於 '')，當做沒有偵錯資訊，連結物件
libcrypto.lib(libcrypto-lib-v3_pmaps.obj) : warning LNK4099: 找不到 PDB '' (有 'libcrypto.lib(libcrypto-lib-v3_pmaps.obj)' 或位於 '')，當做沒有偵錯資訊，連結物件
libcrypto.lib(libcrypto-lib-v3_pcons.obj) : warning LNK4099: 找不到 PDB '' (有 'libcrypto.lib(libcrypto-lib-v3_pcons.obj)' 或位於 '')，當做沒有偵錯資訊，連結物件
libcrypto.lib(libcrypto-lib-ct_x509v3.obj) : warning LNK4099: 找不到 PDB '' (有 'libcrypto.lib(libcrypto-lib-ct_x509v3.obj)' 或位於 '')，當做沒有偵錯資訊，連結物件
libcrypto.lib(libcrypto-lib-v3_tlsf.obj) : warning LNK4099: 找不到 PDB '' (有 'libcrypto.lib(libcrypto-lib-v3_tlsf.obj)' 或位於 '')，當做沒有偵錯資訊，連結物件
libcrypto.lib(libcrypto-lib-v3_admis.obj) : warning LNK4099: 找不到 PDB '' (有 'libcrypto.lib(libcrypto-lib-v3_admis.obj)' 或位於 '')，當做沒有偵錯資訊，連結物件
libcrypto.lib(libcrypto-lib-v3_utf8.obj) : warning LNK4099: 找不到 PDB '' (有 'libcrypto.lib(libcrypto-lib-v3_utf8.obj)' 或位於 '')，當做沒有偵錯資訊，連結物件
libcrypto.lib(libcrypto-lib-v3_ist.obj) : warning LNK4099: 找不到 PDB '' (有 'libcrypto.lib(libcrypto-lib-v3_ist.obj)' 或位於 '')，當做沒有偵錯資訊，連結物件
libcrypto.lib(libcrypto-lib-v3_group_ac.obj) : warning LNK4099: 找不到 PDB '' (有 'libcrypto.lib(libcrypto-lib-v3_group_ac.obj)' 或位於 '')，當做沒有偵錯資訊，連結物件
libcrypto.lib(libcrypto-lib-v3_soa_id.obj) : warning LNK4099: 找不到 PDB '' (有 'libcrypto.lib(libcrypto-lib-v3_soa_id.obj)' 或位於 '')，當做沒有偵錯資訊，連結物件
libcrypto.lib(libcrypto-lib-v3_no_ass.obj) : warning LNK4099: 找不到 PDB '' (有 'libcrypto.lib(libcrypto-lib-v3_no_ass.obj)' 或位於 '')，當做沒有偵錯資訊，連結物件
libcrypto.lib(libcrypto-lib-v3_no_rev_avail.obj) : warning LNK4099: 找不到 PDB '' (有 'libcrypto.lib(libcrypto-lib-v3_no_rev_avail.obj)' 或位於 '')，當做沒有偵錯資訊，連結物件
libcrypto.lib(libcrypto-lib-v3_single_use.obj) : warning LNK4099: 找不到 PDB '' (有 'libcrypto.lib(libcrypto-lib-v3_single_use.obj)' 或位於 '')，當做沒有偵錯資訊，連結物件
libcrypto.lib(libcrypto-lib-v3_ind_iss.obj) : warning LNK4099: 找不到 PDB '' (有 'libcrypto.lib(libcrypto-lib-v3_ind_iss.obj)' 或位於 '')，當做沒有偵錯資訊，連結物件
libcrypto.lib(libcrypto-lib-v3_conf.obj) : warning LNK4099: 找不到 PDB '' (有 'libcrypto.lib(libcrypto-lib-v3_conf.obj)' 或位於 '')，當做沒有偵錯資訊，連結物件
libcrypto.lib(libcrypto-lib-bss_mem.obj) : warning LNK4099: 找不到 PDB '' (有 'libcrypto.lib(libcrypto-lib-bss_mem.obj)' 或位於 '')，當做沒有偵錯資訊，連結物件
libcrypto.lib(libcrypto-lib-a_bitstr.obj) : warning LNK4099: 找不到 PDB '' (有 'libcrypto.lib(libcrypto-lib-a_bitstr.obj)' 或位於 '')，當做沒有偵錯資訊，連結物件
libcrypto.lib(libcrypto-lib-tasn_prn.obj) : warning LNK4099: 找不到 PDB '' (有 'libcrypto.lib(libcrypto-lib-tasn_prn.obj)' 或位於 '')，當做沒有偵錯資訊，連結物件
libcrypto.lib(libcrypto-lib-p_legacy.obj) : warning LNK4099: 找不到 PDB '' (有 'libcrypto.lib(libcrypto-lib-p_legacy.obj)' 或位於 '')，當做沒有偵錯資訊，連結物件
libcrypto.lib(libcrypto-lib-ec_key.obj) : warning LNK4099: 找不到 PDB '' (有 'libcrypto.lib(libcrypto-lib-ec_key.obj)' 或位於 '')，當做沒有偵錯資訊，連結物件
libcrypto.lib(libcrypto-lib-rsa_lib.obj) : warning LNK4099: 找不到 PDB '' (有 'libcrypto.lib(libcrypto-lib-rsa_lib.obj)' 或位於 '')，當做沒有偵錯資訊，連結物件
libcrypto.lib(libcrypto-lib-dh_lib.obj) : warning LNK4099: 找不到 PDB '' (有 'libcrypto.lib(libcrypto-lib-dh_lib.obj)' 或位於 '')，當做沒有偵錯資訊，連結物件
libcrypto.lib(libcrypto-lib-dsa_lib.obj) : warning LNK4099: 找不到 PDB '' (有 'libcrypto.lib(libcrypto-lib-dsa_lib.obj)' 或位於 '')，當做沒有偵錯資訊，連結物件
libcrypto.lib(libcrypto-lib-ecx_key.obj) : warning LNK4099: 找不到 PDB '' (有 'libcrypto.lib(libcrypto-lib-ecx_key.obj)' 或位於 '')，當做沒有偵錯資訊，連結物件
libcrypto.lib(libcrypto-lib-decoder_lib.obj) : warning LNK4099: 找不到 PDB '' (有 'libcrypto.lib(libcrypto-lib-decoder_lib.obj)' 或位於 '')，當做沒有偵錯資訊，連結物件
libcrypto.lib(libcrypto-lib-encoder_lib.obj) : warning LNK4099: 找不到 PDB '' (有 'libcrypto.lib(libcrypto-lib-encoder_lib.obj)' 或位於 '')，當做沒有偵錯資訊，連結物件
libcrypto.lib(libcrypto-lib-encoder_pkey.obj) : warning LNK4099: 找不到 PDB '' (有 'libcrypto.lib(libcrypto-lib-encoder_pkey.obj)' 或位於 '')，當做沒有偵錯資訊，連結物件
libcrypto.lib(libcrypto-lib-buffer.obj) : warning LNK4099: 找不到 PDB '' (有 'libcrypto.lib(libcrypto-lib-buffer.obj)' 或位於 '')，當做沒有偵錯資訊，連結物件
libcrypto.lib(libcrypto-lib-a_strex.obj) : warning LNK4099: 找不到 PDB '' (有 'libcrypto.lib(libcrypto-lib-a_strex.obj)' 或位於 '')，當做沒有偵錯資訊，連結物件
libcrypto.lib(libcrypto-lib-asn_pack.obj) : warning LNK4099: 找不到 PDB '' (有 'libcrypto.lib(libcrypto-lib-asn_pack.obj)' 或位於 '')，當做沒有偵錯資訊，連結物件
libcrypto.lib(libcrypto-lib-tasn_utl.obj) : warning LNK4099: 找不到 PDB '' (有 'libcrypto.lib(libcrypto-lib-tasn_utl.obj)' 或位於 '')，當做沒有偵錯資訊，連結物件
libcrypto.lib(libcrypto-lib-v3_utl.obj) : warning LNK4099: 找不到 PDB '' (有 'libcrypto.lib(libcrypto-lib-v3_utl.obj)' 或位於 '')，當做沒有偵錯資訊，連結物件
libcrypto.lib(libcrypto-lib-punycode.obj) : warning LNK4099: 找不到 PDB '' (有 'libcrypto.lib(libcrypto-lib-punycode.obj)' 或位於 '')，當做沒有偵錯資訊，連結物件
libcrypto.lib(libcrypto-lib-pcy_data.obj) : warning LNK4099: 找不到 PDB '' (有 'libcrypto.lib(libcrypto-lib-pcy_data.obj)' 或位於 '')，當做沒有偵錯資訊，連結物件
libcrypto.lib(libcrypto-lib-pcy_map.obj) : warning LNK4099: 找不到 PDB '' (有 'libcrypto.lib(libcrypto-lib-pcy_map.obj)' 或位於 '')，當做沒有偵錯資訊，連結物件
libcrypto.lib(libcrypto-lib-bss_file.obj) : warning LNK4099: 找不到 PDB '' (有 'libcrypto.lib(libcrypto-lib-bss_file.obj)' 或位於 '')，當做沒有偵錯資訊，連結物件
libcrypto.lib(libcrypto-lib-bf_prefix.obj) : warning LNK4099: 找不到 PDB '' (有 'libcrypto.lib(libcrypto-lib-bf_prefix.obj)' 或位於 '')，當做沒有偵錯資訊，連結物件
libcrypto.lib(libcrypto-lib-ameth_lib.obj) : warning LNK4099: 找不到 PDB '' (有 'libcrypto.lib(libcrypto-lib-ameth_lib.obj)' 或位於 '')，當做沒有偵錯資訊，連結物件
libcrypto.lib(libcrypto-lib-ec_lib.obj) : warning LNK4099: 找不到 PDB '' (有 'libcrypto.lib(libcrypto-lib-ec_lib.obj)' 或位於 '')，當做沒有偵錯資訊，連結物件
libcrypto.lib(libcrypto-lib-x_attrib.obj) : warning LNK4099: 找不到 PDB '' (有 'libcrypto.lib(libcrypto-lib-x_attrib.obj)' 或位於 '')，當做沒有偵錯資訊，連結物件
libcrypto.lib(libcrypto-lib-dh_group_params.obj) : warning LNK4099: 找不到 PDB '' (有 'libcrypto.lib(libcrypto-lib-dh_group_params.obj)' 或位於 '')，當做沒有偵錯資訊，連結物件
libcrypto.lib(libcrypto-lib-dh_backend.obj) : warning LNK4099: 找不到 PDB '' (有 'libcrypto.lib(libcrypto-lib-dh_backend.obj)' 或位於 '')，當做沒有偵錯資訊，連結物件
libcrypto.lib(libcrypto-lib-dsa_backend.obj) : warning LNK4099: 找不到 PDB '' (有 'libcrypto.lib(libcrypto-lib-dsa_backend.obj)' 或位於 '')，當做沒有偵錯資訊，連結物件
libcrypto.lib(libcrypto-lib-ec_backend.obj) : warning LNK4099: 找不到 PDB '' (有 'libcrypto.lib(libcrypto-lib-ec_backend.obj)' 或位於 '')，當做沒有偵錯資訊，連結物件
libcrypto.lib(libcrypto-lib-rsa_backend.obj) : warning LNK4099: 找不到 PDB '' (有 'libcrypto.lib(libcrypto-lib-rsa_backend.obj)' 或位於 '')，當做沒有偵錯資訊，連結物件
libcrypto.lib(libcrypto-lib-x509_att.obj) : warning LNK4099: 找不到 PDB '' (有 'libcrypto.lib(libcrypto-lib-x509_att.obj)' 或位於 '')，當做沒有偵錯資訊，連結物件
libcrypto.lib(libcrypto-lib-a_utctm.obj) : warning LNK4099: 找不到 PDB '' (有 'libcrypto.lib(libcrypto-lib-a_utctm.obj)' 或位於 '')，當做沒有偵錯資訊，連結物件
libcrypto.lib(libcrypto-lib-a_gentm.obj) : warning LNK4099: 找不到 PDB '' (有 'libcrypto.lib(libcrypto-lib-a_gentm.obj)' 或位於 '')，當做沒有偵錯資訊，連結物件
libcrypto.lib(libcrypto-lib-x509_trust.obj) : warning LNK4099: 找不到 PDB '' (有 'libcrypto.lib(libcrypto-lib-x509_trust.obj)' 或位於 '')，當做沒有偵錯資訊，連結物件
libcrypto.lib(libcrypto-lib-pcy_tree.obj) : warning LNK4099: 找不到 PDB '' (有 'libcrypto.lib(libcrypto-lib-pcy_tree.obj)' 或位於 '')，當做沒有偵錯資訊，連結物件
libcrypto.lib(libcrypto-lib-x_all.obj) : warning LNK4099: 找不到 PDB '' (有 'libcrypto.lib(libcrypto-lib-x_all.obj)' 或位於 '')，當做沒有偵錯資訊，連結物件
libcrypto.lib(libcrypto-lib-v3_pcia.obj) : warning LNK4099: 找不到 PDB '' (有 'libcrypto.lib(libcrypto-lib-v3_pcia.obj)' 或位於 '')，當做沒有偵錯資訊，連結物件
libcrypto.lib(libcrypto-lib-thread_win.obj) : warning LNK4099: 找不到 PDB '' (有 'libcrypto.lib(libcrypto-lib-thread_win.obj)' 或位於 '')，當做沒有偵錯資訊，連結物件
libcrypto.lib(libcrypto-lib-o_time.obj) : warning LNK4099: 找不到 PDB '' (有 'libcrypto.lib(libcrypto-lib-o_time.obj)' 或位於 '')，當做沒有偵錯資訊，連結物件
libcrypto.lib(libcrypto-lib-a_verify.obj) : warning LNK4099: 找不到 PDB '' (有 'libcrypto.lib(libcrypto-lib-a_verify.obj)' 或位於 '')，當做沒有偵錯資訊，連結物件
libcrypto.lib(libcrypto-lib-err_prn.obj) : warning LNK4099: 找不到 PDB '' (有 'libcrypto.lib(libcrypto-lib-err_prn.obj)' 或位於 '')，當做沒有偵錯資訊，連結物件
libcrypto.lib(libcrypto-lib-x509_txt.obj) : warning LNK4099: 找不到 PDB '' (有 'libcrypto.lib(libcrypto-lib-x509_txt.obj)' 或位於 '')，當做沒有偵錯資訊，連結物件
libcrypto.lib(libcrypto-lib-v3_prn.obj) : warning LNK4099: 找不到 PDB '' (有 'libcrypto.lib(libcrypto-lib-v3_prn.obj)' 或位於 '')，當做沒有偵錯資訊，連結物件
libcrypto.lib(libcrypto-lib-bio_dump.obj) : warning LNK4099: 找不到 PDB '' (有 'libcrypto.lib(libcrypto-lib-bio_dump.obj)' 或位於 '')，當做沒有偵錯資訊，連結物件
libcrypto.lib(libcrypto-lib-a_mbstr.obj) : warning LNK4099: 找不到 PDB '' (有 'libcrypto.lib(libcrypto-lib-a_mbstr.obj)' 或位於 '')，當做沒有偵錯資訊，連結物件
libcrypto.lib(libcrypto-lib-err_save.obj) : warning LNK4099: 找不到 PDB '' (有 'libcrypto.lib(libcrypto-lib-err_save.obj)' 或位於 '')，當做沒有偵錯資訊，連結物件
libcrypto.lib(libcrypto-lib-trace.obj) : warning LNK4099: 找不到 PDB '' (有 'libcrypto.lib(libcrypto-lib-trace.obj)' 或位於 '')，當做沒有偵錯資訊，連結物件
libcrypto.lib(libcrypto-lib-rand_lib.obj) : warning LNK4099: 找不到 PDB '' (有 'libcrypto.lib(libcrypto-lib-rand_lib.obj)' 或位於 '')，當做沒有偵錯資訊，連結物件
libcrypto.lib(libcrypto-lib-c_allc.obj) : warning LNK4099: 找不到 PDB '' (有 'libcrypto.lib(libcrypto-lib-c_allc.obj)' 或位於 '')，當做沒有偵錯資訊，連結物件
libcrypto.lib(libcrypto-lib-c_alld.obj) : warning LNK4099: 找不到 PDB '' (有 'libcrypto.lib(libcrypto-lib-c_alld.obj)' 或位於 '')，當做沒有偵錯資訊，連結物件
libcrypto.lib(libcrypto-lib-conf_sap.obj) : warning LNK4099: 找不到 PDB '' (有 'libcrypto.lib(libcrypto-lib-conf_sap.obj)' 或位於 '')，當做沒有偵錯資訊，連結物件
libcrypto.lib(libcrypto-lib-conf_mod.obj) : warning LNK4099: 找不到 PDB '' (有 'libcrypto.lib(libcrypto-lib-conf_mod.obj)' 或位於 '')，當做沒有偵錯資訊，連結物件
libcrypto.lib(libcrypto-lib-async.obj) : warning LNK4099: 找不到 PDB '' (有 'libcrypto.lib(libcrypto-lib-async.obj)' 或位於 '')，當做沒有偵錯資訊，連結物件
libcrypto.lib(libcrypto-lib-eng_fat.obj) : warning LNK4099: 找不到 PDB '' (有 'libcrypto.lib(libcrypto-lib-eng_fat.obj)' 或位於 '')，當做沒有偵錯資訊，連結物件
libcrypto.lib(libcrypto-lib-eng_openssl.obj) : warning LNK4099: 找不到 PDB '' (有 'libcrypto.lib(libcrypto-lib-eng_openssl.obj)' 或位於 '')，當做沒有偵錯資訊，連結物件
libcrypto.lib(libcrypto-lib-eng_rdrand.obj) : warning LNK4099: 找不到 PDB '' (有 'libcrypto.lib(libcrypto-lib-eng_rdrand.obj)' 或位於 '')，當做沒有偵錯資訊，連結物件
libcrypto.lib(libcrypto-lib-eng_dyn.obj) : warning LNK4099: 找不到 PDB '' (有 'libcrypto.lib(libcrypto-lib-eng_dyn.obj)' 或位於 '')，當做沒有偵錯資訊，連結物件
libcrypto.lib(libcrypto-lib-e_padlock.obj) : warning LNK4099: 找不到 PDB '' (有 'libcrypto.lib(libcrypto-lib-e_padlock.obj)' 或位於 '')，當做沒有偵錯資訊，連結物件
libcrypto.lib(libcrypto-lib-e_capi.obj) : warning LNK4099: 找不到 PDB '' (有 'libcrypto.lib(libcrypto-lib-e_capi.obj)' 或位於 '')，當做沒有偵錯資訊，連結物件
libcrypto.lib(libcrypto-lib-c_zlib.obj) : warning LNK4099: 找不到 PDB '' (有 'libcrypto.lib(libcrypto-lib-c_zlib.obj)' 或位於 '')，當做沒有偵錯資訊，連結物件
libcrypto.lib(libcrypto-lib-c_brotli.obj) : warning LNK4099: 找不到 PDB '' (有 'libcrypto.lib(libcrypto-lib-c_brotli.obj)' 或位於 '')，當做沒有偵錯資訊，連結物件
libcrypto.lib(libcrypto-lib-c_zstd.obj) : warning LNK4099: 找不到 PDB '' (有 'libcrypto.lib(libcrypto-lib-c_zstd.obj)' 或位於 '')，當做沒有偵錯資訊，連結物件
libcrypto.lib(libcrypto-lib-err_all.obj) : warning LNK4099: 找不到 PDB '' (有 'libcrypto.lib(libcrypto-lib-err_all.obj)' 或位於 '')，當做沒有偵錯資訊，連結物件
libcrypto.lib(libcrypto-lib-store_init.obj) : warning LNK4099: 找不到 PDB '' (有 'libcrypto.lib(libcrypto-lib-store_init.obj)' 或位於 '')，當做沒有偵錯資訊，連結物件
libcrypto.lib(libcrypto-lib-cmp_util.obj) : warning LNK4099: 找不到 PDB '' (有 'libcrypto.lib(libcrypto-lib-cmp_util.obj)' 或位於 '')，當做沒有偵錯資訊，連結物件
libcrypto.lib(libcrypto-lib-bn_mont.obj) : warning LNK4099: 找不到 PDB '' (有 'libcrypto.lib(libcrypto-lib-bn_mont.obj)' 或位於 '')，當做沒有偵錯資訊，連結物件
libcrypto.lib(libcrypto-lib-bn_asm.obj) : warning LNK4099: 找不到 PDB '' (有 'libcrypto.lib(libcrypto-lib-bn_asm.obj)' 或位於 '')，當做沒有偵錯資訊，連結物件
libcrypto.lib(libcrypto-lib-quic_vlint.obj) : warning LNK4099: 找不到 PDB '' (有 'libcrypto.lib(libcrypto-lib-quic_vlint.obj)' 或位於 '')，當做沒有偵錯資訊，連結物件
libcrypto.lib(libcrypto-lib-x_int64.obj) : warning LNK4099: 找不到 PDB '' (有 'libcrypto.lib(libcrypto-lib-x_int64.obj)' 或位於 '')，當做沒有偵錯資訊，連結物件
libcrypto.lib(libcrypto-lib-tb_cipher.obj) : warning LNK4099: 找不到 PDB '' (有 'libcrypto.lib(libcrypto-lib-tb_cipher.obj)' 或位於 '')，當做沒有偵錯資訊，連結物件
libcrypto.lib(libcrypto-lib-params_dup.obj) : warning LNK4099: 找不到 PDB '' (有 'libcrypto.lib(libcrypto-lib-params_dup.obj)' 或位於 '')，當做沒有偵錯資訊，連結物件
libcrypto.lib(libcrypto-lib-evp_pbe.obj) : warning LNK4099: 找不到 PDB '' (有 'libcrypto.lib(libcrypto-lib-evp_pbe.obj)' 或位於 '')，當做沒有偵錯資訊，連結物件
libcrypto.lib(libcrypto-lib-dh_ctrl.obj) : warning LNK4099: 找不到 PDB '' (有 'libcrypto.lib(libcrypto-lib-dh_ctrl.obj)' 或位於 '')，當做沒有偵錯資訊，連結物件
libcrypto.lib(libcrypto-lib-dh_gen.obj) : warning LNK4099: 找不到 PDB '' (有 'libcrypto.lib(libcrypto-lib-dh_gen.obj)' 或位於 '')，當做沒有偵錯資訊，連結物件
libcrypto.lib(libcrypto-lib-dh_key.obj) : warning LNK4099: 找不到 PDB '' (有 'libcrypto.lib(libcrypto-lib-dh_key.obj)' 或位於 '')，當做沒有偵錯資訊，連結物件
libcrypto.lib(libcrypto-lib-dh_kdf.obj) : warning LNK4099: 找不到 PDB '' (有 'libcrypto.lib(libcrypto-lib-dh_kdf.obj)' 或位於 '')，當做沒有偵錯資訊，連結物件
libcrypto.lib(libcrypto-lib-ffc_params.obj) : warning LNK4099: 找不到 PDB '' (有 'libcrypto.lib(libcrypto-lib-ffc_params.obj)' 或位於 '')，當做沒有偵錯資訊，連結物件
libcrypto.lib(libcrypto-lib-ffc_params_generate.obj) : warning LNK4099: 找不到 PDB '' (有 'libcrypto.lib(libcrypto-lib-ffc_params_generate.obj)' 或位於 '')，當做沒有偵錯資訊，連結物件
libcrypto.lib(libcrypto-lib-dsa_ctrl.obj) : warning LNK4099: 找不到 PDB '' (有 'libcrypto.lib(libcrypto-lib-dsa_ctrl.obj)' 或位於 '')，當做沒有偵錯資訊，連結物件
libcrypto.lib(libcrypto-lib-dsa_sign.obj) : warning LNK4099: 找不到 PDB '' (有 'libcrypto.lib(libcrypto-lib-dsa_sign.obj)' 或位於 '')，當做沒有偵錯資訊，連結物件
libcrypto.lib(libcrypto-lib-dsa_key.obj) : warning LNK4099: 找不到 PDB '' (有 'libcrypto.lib(libcrypto-lib-dsa_key.obj)' 或位於 '')，當做沒有偵錯資訊，連結物件
libcrypto.lib(libcrypto-lib-ec_ctrl.obj) : warning LNK4099: 找不到 PDB '' (有 'libcrypto.lib(libcrypto-lib-ec_ctrl.obj)' 或位於 '')，當做沒有偵錯資訊，連結物件
libcrypto.lib(libcrypto-lib-ec_curve.obj) : warning LNK4099: 找不到 PDB '' (有 'libcrypto.lib(libcrypto-lib-ec_curve.obj)' 或位於 '')，當做沒有偵錯資訊，連結物件
libcrypto.lib(libcrypto-lib-ec_kmeth.obj) : warning LNK4099: 找不到 PDB '' (有 'libcrypto.lib(libcrypto-lib-ec_kmeth.obj)' 或位於 '')，當做沒有偵錯資訊，連結物件
libcrypto.lib(libcrypto-lib-ecdsa_sign.obj) : warning LNK4099: 找不到 PDB '' (有 'libcrypto.lib(libcrypto-lib-ecdsa_sign.obj)' 或位於 '')，當做沒有偵錯資訊，連結物件
libcrypto.lib(libcrypto-lib-ecdsa_vrf.obj) : warning LNK4099: 找不到 PDB '' (有 'libcrypto.lib(libcrypto-lib-ecdsa_vrf.obj)' 或位於 '')，當做沒有偵錯資訊，連結物件
libcrypto.lib(libcrypto-lib-ec_asn1.obj) : warning LNK4099: 找不到 PDB '' (有 'libcrypto.lib(libcrypto-lib-ec_asn1.obj)' 或位於 '')，當做沒有偵錯資訊，連結物件
libcrypto.lib(libcrypto-lib-ecdh_kdf.obj) : warning LNK4099: 找不到 PDB '' (有 'libcrypto.lib(libcrypto-lib-ecdh_kdf.obj)' 或位於 '')，當做沒有偵錯資訊，連結物件
libcrypto.lib(libcrypto-lib-t_pkey.obj) : warning LNK4099: 找不到 PDB '' (有 'libcrypto.lib(libcrypto-lib-t_pkey.obj)' 或位於 '')，當做沒有偵錯資訊，連結物件
libcrypto.lib(libcrypto-lib-m_null.obj) : warning LNK4099: 找不到 PDB '' (有 'libcrypto.lib(libcrypto-lib-m_null.obj)' 或位於 '')，當做沒有偵錯資訊，連結物件
libcrypto.lib(libcrypto-lib-p8_pkey.obj) : warning LNK4099: 找不到 PDB '' (有 'libcrypto.lib(libcrypto-lib-p8_pkey.obj)' 或位於 '')，當做沒有偵錯資訊，連結物件
libcrypto.lib(libcrypto-lib-param_build.obj) : warning LNK4099: 找不到 PDB '' (有 'libcrypto.lib(libcrypto-lib-param_build.obj)' 或位於 '')，當做沒有偵錯資訊，連結物件
libcrypto.lib(libcrypto-lib-ecx_backend.obj) : warning LNK4099: 找不到 PDB '' (有 'libcrypto.lib(libcrypto-lib-ecx_backend.obj)' 或位於 '')，當做沒有偵錯資訊，連結物件
libcrypto.lib(libcrypto-lib-curve25519.obj) : warning LNK4099: 找不到 PDB '' (有 'libcrypto.lib(libcrypto-lib-curve25519.obj)' 或位於 '')，當做沒有偵錯資訊，連結物件
libcrypto.lib(libcrypto-lib-eddsa.obj) : warning LNK4099: 找不到 PDB '' (有 'libcrypto.lib(libcrypto-lib-eddsa.obj)' 或位於 '')，當做沒有偵錯資訊，連結物件
libcrypto.lib(libcrypto-lib-curve448.obj) : warning LNK4099: 找不到 PDB '' (有 'libcrypto.lib(libcrypto-lib-curve448.obj)' 或位於 '')，當做沒有偵錯資訊，連結物件
libcrypto.lib(libcrypto-lib-rsa_crpt.obj) : warning LNK4099: 找不到 PDB '' (有 'libcrypto.lib(libcrypto-lib-rsa_crpt.obj)' 或位於 '')，當做沒有偵錯資訊，連結物件
libcrypto.lib(libcrypto-lib-rsa_gen.obj) : warning LNK4099: 找不到 PDB '' (有 'libcrypto.lib(libcrypto-lib-rsa_gen.obj)' 或位於 '')，當做沒有偵錯資訊，連結物件
libcrypto.lib(libcrypto-lib-rsa_sign.obj) : warning LNK4099: 找不到 PDB '' (有 'libcrypto.lib(libcrypto-lib-rsa_sign.obj)' 或位於 '')，當做沒有偵錯資訊，連結物件
libcrypto.lib(libcrypto-lib-rsa_saos.obj) : warning LNK4099: 找不到 PDB '' (有 'libcrypto.lib(libcrypto-lib-rsa_saos.obj)' 或位於 '')，當做沒有偵錯資訊，連結物件
libcrypto.lib(libcrypto-lib-rsa_oaep.obj) : warning LNK4099: 找不到 PDB '' (有 'libcrypto.lib(libcrypto-lib-rsa_oaep.obj)' 或位於 '')，當做沒有偵錯資訊，連結物件
libcrypto.lib(libcrypto-lib-rsa_x931.obj) : warning LNK4099: 找不到 PDB '' (有 'libcrypto.lib(libcrypto-lib-rsa_x931.obj)' 或位於 '')，當做沒有偵錯資訊，連結物件
libcrypto.lib(libcrypto-lib-rsa_pss.obj) : warning LNK4099: 找不到 PDB '' (有 'libcrypto.lib(libcrypto-lib-rsa_pss.obj)' 或位於 '')，當做沒有偵錯資訊，連結物件
libcrypto.lib(libcrypto-lib-rsa_ameth.obj) : warning LNK4099: 找不到 PDB '' (有 'libcrypto.lib(libcrypto-lib-rsa_ameth.obj)' 或位於 '')，當做沒有偵錯資訊，連結物件
libcrypto.lib(libcrypto-lib-pmeth_check.obj) : warning LNK4099: 找不到 PDB '' (有 'libcrypto.lib(libcrypto-lib-pmeth_check.obj)' 或位於 '')，當做沒有偵錯資訊，連結物件
libcrypto.lib(libcrypto-lib-bn_ctx.obj) : warning LNK4099: 找不到 PDB '' (有 'libcrypto.lib(libcrypto-lib-bn_ctx.obj)' 或位於 '')，當做沒有偵錯資訊，連結物件
libcrypto.lib(libcrypto-lib-ec_support.obj) : warning LNK4099: 找不到 PDB '' (有 'libcrypto.lib(libcrypto-lib-ec_support.obj)' 或位於 '')，當做沒有偵錯資訊，連結物件
libcrypto.lib(libcrypto-lib-params_from_text.obj) : warning LNK4099: 找不到 PDB '' (有 'libcrypto.lib(libcrypto-lib-params_from_text.obj)' 或位於 '')，當做沒有偵錯資訊，連結物件
libcrypto.lib(libcrypto-lib-ec_oct.obj) : warning LNK4099: 找不到 PDB '' (有 'libcrypto.lib(libcrypto-lib-ec_oct.obj)' 或位於 '')，當做沒有偵錯資訊，連結物件
libcrypto.lib(libcrypto-lib-ffc_dh.obj) : warning LNK4099: 找不到 PDB '' (有 'libcrypto.lib(libcrypto-lib-ffc_dh.obj)' 或位於 '')，當做沒有偵錯資訊，連結物件
libcrypto.lib(libcrypto-lib-dh_support.obj) : warning LNK4099: 找不到 PDB '' (有 'libcrypto.lib(libcrypto-lib-dh_support.obj)' 或位於 '')，當做沒有偵錯資訊，連結物件
libcrypto.lib(libcrypto-lib-eng_all.obj) : warning LNK4099: 找不到 PDB '' (有 'libcrypto.lib(libcrypto-lib-eng_all.obj)' 或位於 '')，當做沒有偵錯資訊，連結物件
libcrypto.lib(libcrypto-lib-eng_ctrl.obj) : warning LNK4099: 找不到 PDB '' (有 'libcrypto.lib(libcrypto-lib-eng_ctrl.obj)' 或位於 '')，當做沒有偵錯資訊，連結物件
libcrypto.lib(libcrypto-lib-tb_asnmth.obj) : warning LNK4099: 找不到 PDB '' (有 'libcrypto.lib(libcrypto-lib-tb_asnmth.obj)' 或位於 '')，當做沒有偵錯資訊，連結物件
libcrypto.lib(libcrypto-lib-uid.obj) : warning LNK4099: 找不到 PDB '' (有 'libcrypto.lib(libcrypto-lib-uid.obj)' 或位於 '')，當做沒有偵錯資訊，連結物件
libcrypto.lib(libcrypto-lib-bss_core.obj) : warning LNK4099: 找不到 PDB '' (有 'libcrypto.lib(libcrypto-lib-bss_core.obj)' 或位於 '')，當做沒有偵錯資訊，連結物件
libcrypto.lib(libcrypto-lib-property_string.obj) : warning LNK4099: 找不到 PDB '' (有 'libcrypto.lib(libcrypto-lib-property_string.obj)' 或位於 '')，當做沒有偵錯資訊，連結物件
libcrypto.lib(libcrypto-lib-defn_cache.obj) : warning LNK4099: 找不到 PDB '' (有 'libcrypto.lib(libcrypto-lib-defn_cache.obj)' 或位於 '')，當做沒有偵錯資訊，連結物件
libcrypto.lib(libcrypto-lib-provider_conf.obj) : warning LNK4099: 找不到 PDB '' (有 'libcrypto.lib(libcrypto-lib-provider_conf.obj)' 或位於 '')，當做沒有偵錯資訊，連結物件
libcrypto.lib(libdefault-lib-drbg.obj) : warning LNK4099: 找不到 PDB '' (有 'libcrypto.lib(libdefault-lib-drbg.obj)' 或位於 '')，當做沒有偵錯資訊，連結物件
libcrypto.lib(libdefault-lib-crngt.obj) : warning LNK4099: 找不到 PDB '' (有 'libcrypto.lib(libdefault-lib-crngt.obj)' 或位於 '')，當做沒有偵錯資訊，連結物件
libcrypto.lib(libcrypto-lib-internal.obj) : warning LNK4099: 找不到 PDB '' (有 'libcrypto.lib(libcrypto-lib-internal.obj)' 或位於 '')，當做沒有偵錯資訊，連結物件
libcrypto.lib(libcrypto-lib-passphrase.obj) : warning LNK4099: 找不到 PDB '' (有 'libcrypto.lib(libcrypto-lib-passphrase.obj)' 或位於 '')，當做沒有偵錯資訊，連結物件
libcrypto.lib(libcrypto-lib-evp_rand.obj) : warning LNK4099: 找不到 PDB '' (有 'libcrypto.lib(libcrypto-lib-evp_rand.obj)' 或位於 '')，當做沒有偵錯資訊，連結物件
libcrypto.lib(libcrypto-lib-rand_pool.obj) : warning LNK4099: 找不到 PDB '' (有 'libcrypto.lib(libcrypto-lib-rand_pool.obj)' 或位於 '')，當做沒有偵錯資訊，連結物件
libcrypto.lib(libdefault-lib-rand_win.obj) : warning LNK4099: 找不到 PDB '' (有 'libcrypto.lib(libdefault-lib-rand_win.obj)' 或位於 '')，當做沒有偵錯資訊，連結物件
libcrypto.lib(libcrypto-lib-dso_win32.obj) : warning LNK4099: 找不到 PDB '' (有 'libcrypto.lib(libcrypto-lib-dso_win32.obj)' 或位於 '')，當做沒有偵錯資訊，連結物件
libcrypto.lib(libcrypto-lib-defltprov.obj) : warning LNK4099: 找不到 PDB '' (有 'libcrypto.lib(libcrypto-lib-defltprov.obj)' 或位於 '')，當做沒有偵錯資訊，連結物件
libcrypto.lib(libcrypto-lib-baseprov.obj) : warning LNK4099: 找不到 PDB '' (有 'libcrypto.lib(libcrypto-lib-baseprov.obj)' 或位於 '')，當做沒有偵錯資訊，連結物件
libcrypto.lib(libcrypto-lib-nullprov.obj) : warning LNK4099: 找不到 PDB '' (有 'libcrypto.lib(libcrypto-lib-nullprov.obj)' 或位於 '')，當做沒有偵錯資訊，連結物件
libcrypto.lib(libcrypto-lib-sparse_array.obj) : warning LNK4099: 找不到 PDB '' (有 'libcrypto.lib(libcrypto-lib-sparse_array.obj)' 或位於 '')，當做沒有偵錯資訊，連結物件
libcrypto.lib(libcrypto-lib-asn1_gen.obj) : warning LNK4099: 找不到 PDB '' (有 'libcrypto.lib(libcrypto-lib-asn1_gen.obj)' 或位於 '')，當做沒有偵錯資訊，連結物件
libcrypto.lib(libcrypto-lib-x509_req.obj) : warning LNK4099: 找不到 PDB '' (有 'libcrypto.lib(libcrypto-lib-x509_req.obj)' 或位於 '')，當做沒有偵錯資訊，連結物件
libcrypto.lib(libcrypto-lib-ocsp_asn.obj) : warning LNK4099: 找不到 PDB '' (有 'libcrypto.lib(libcrypto-lib-ocsp_asn.obj)' 或位於 '')，當做沒有偵錯資訊，連結物件
libcrypto.lib(libcrypto-lib-f_int.obj) : warning LNK4099: 找不到 PDB '' (有 'libcrypto.lib(libcrypto-lib-f_int.obj)' 或位於 '')，當做沒有偵錯資訊，連結物件
libcrypto.lib(libcrypto-lib-f_string.obj) : warning LNK4099: 找不到 PDB '' (有 'libcrypto.lib(libcrypto-lib-f_string.obj)' 或位於 '')，當做沒有偵錯資訊，連結物件
libcrypto.lib(libcrypto-lib-ct_sct.obj) : warning LNK4099: 找不到 PDB '' (有 'libcrypto.lib(libcrypto-lib-ct_sct.obj)' 或位於 '')，當做沒有偵錯資訊，連結物件
libcrypto.lib(libcrypto-lib-ct_oct.obj) : warning LNK4099: 找不到 PDB '' (有 'libcrypto.lib(libcrypto-lib-ct_oct.obj)' 或位於 '')，當做沒有偵錯資訊，連結物件
libcrypto.lib(libcrypto-lib-ct_prn.obj) : warning LNK4099: 找不到 PDB '' (有 'libcrypto.lib(libcrypto-lib-ct_prn.obj)' 或位於 '')，當做沒有偵錯資訊，連結物件
libcrypto.lib(libcrypto-lib-conf_lib.obj) : warning LNK4099: 找不到 PDB '' (有 'libcrypto.lib(libcrypto-lib-conf_lib.obj)' 或位於 '')，當做沒有偵錯資訊，連結物件
libcrypto.lib(libcrypto-lib-asn1_parse.obj) : warning LNK4099: 找不到 PDB '' (有 'libcrypto.lib(libcrypto-lib-asn1_parse.obj)' 或位於 '')，當做沒有偵錯資訊，連結物件
libcrypto.lib(libcrypto-lib-bn_rand.obj) : warning LNK4099: 找不到 PDB '' (有 'libcrypto.lib(libcrypto-lib-bn_rand.obj)' 或位於 '')，當做沒有偵錯資訊，連結物件
libcrypto.lib(libcrypto-lib-bn_add.obj) : warning LNK4099: 找不到 PDB '' (有 'libcrypto.lib(libcrypto-lib-bn_add.obj)' 或位於 '')，當做沒有偵錯資訊，連結物件
libcrypto.lib(libcrypto-lib-prov_running.obj) : warning LNK4099: 找不到 PDB '' (有 'libcrypto.lib(libcrypto-lib-prov_running.obj)' 或位於 '')，當做沒有偵錯資訊，連結物件
libcrypto.lib(libdefault-lib-ec_kem.obj) : warning LNK4099: 找不到 PDB '' (有 'libcrypto.lib(libdefault-lib-ec_kem.obj)' 或位於 '')，當做沒有偵錯資訊，連結物件
libcrypto.lib(libcrypto-lib-bn_intern.obj) : warning LNK4099: 找不到 PDB '' (有 'libcrypto.lib(libcrypto-lib-bn_intern.obj)' 或位於 '')，當做沒有偵錯資訊，連結物件
libcrypto.lib(libcrypto-lib-bn_blind.obj) : warning LNK4099: 找不到 PDB '' (有 'libcrypto.lib(libcrypto-lib-bn_blind.obj)' 或位於 '')，當做沒有偵錯資訊，連結物件
libcrypto.lib(libcrypto-lib-rsa_ossl.obj) : warning LNK4099: 找不到 PDB '' (有 'libcrypto.lib(libcrypto-lib-rsa_ossl.obj)' 或位於 '')，當做沒有偵錯資訊，連結物件
libcrypto.lib(libcrypto-lib-rsa_asn1.obj) : warning LNK4099: 找不到 PDB '' (有 'libcrypto.lib(libcrypto-lib-rsa_asn1.obj)' 或位於 '')，當做沒有偵錯資訊，連結物件
libcrypto.lib(libcrypto-lib-tb_rsa.obj) : warning LNK4099: 找不到 PDB '' (有 'libcrypto.lib(libcrypto-lib-tb_rsa.obj)' 或位於 '')，當做沒有偵錯資訊，連結物件
libcrypto.lib(libcrypto-lib-rsa_mp.obj) : warning LNK4099: 找不到 PDB '' (有 'libcrypto.lib(libcrypto-lib-rsa_mp.obj)' 或位於 '')，當做沒有偵錯資訊，連結物件
libcrypto.lib(libcrypto-lib-tb_dh.obj) : warning LNK4099: 找不到 PDB '' (有 'libcrypto.lib(libcrypto-lib-tb_dh.obj)' 或位於 '')，當做沒有偵錯資訊，連結物件
libcrypto.lib(libcrypto-lib-dsa_ossl.obj) : warning LNK4099: 找不到 PDB '' (有 'libcrypto.lib(libcrypto-lib-dsa_ossl.obj)' 或位於 '')，當做沒有偵錯資訊，連結物件
libcrypto.lib(libcrypto-lib-tb_dsa.obj) : warning LNK4099: 找不到 PDB '' (有 'libcrypto.lib(libcrypto-lib-tb_dsa.obj)' 或位於 '')，當做沒有偵錯資訊，連結物件
libcrypto.lib(libcrypto-lib-ffc_backend.obj) : warning LNK4099: 找不到 PDB '' (有 'libcrypto.lib(libcrypto-lib-ffc_backend.obj)' 或位於 '')，當做沒有偵錯資訊，連結物件
libcrypto.lib(libcrypto-lib-bf_readbuff.obj) : warning LNK4099: 找不到 PDB '' (有 'libcrypto.lib(libcrypto-lib-bf_readbuff.obj)' 或位於 '')，當做沒有偵錯資訊，連結物件
libcrypto.lib(libcrypto-lib-a_utf8.obj) : warning LNK4099: 找不到 PDB '' (有 'libcrypto.lib(libcrypto-lib-a_utf8.obj)' 或位於 '')，當做沒有偵錯資訊，連結物件
libcrypto.lib(libcrypto-lib-o_fopen.obj) : warning LNK4099: 找不到 PDB '' (有 'libcrypto.lib(libcrypto-lib-o_fopen.obj)' 或位於 '')，當做沒有偵錯資訊，連結物件
libcrypto.lib(libcrypto-lib-dh_ameth.obj) : warning LNK4099: 找不到 PDB '' (有 'libcrypto.lib(libcrypto-lib-dh_ameth.obj)' 或位於 '')，當做沒有偵錯資訊，連結物件
libcrypto.lib(libcrypto-lib-dsa_ameth.obj) : warning LNK4099: 找不到 PDB '' (有 'libcrypto.lib(libcrypto-lib-dsa_ameth.obj)' 或位於 '')，當做沒有偵錯資訊，連結物件
libcrypto.lib(libcrypto-lib-ec_ameth.obj) : warning LNK4099: 找不到 PDB '' (有 'libcrypto.lib(libcrypto-lib-ec_ameth.obj)' 或位於 '')，當做沒有偵錯資訊，連結物件
libcrypto.lib(libcrypto-lib-bn_div.obj) : warning LNK4099: 找不到 PDB '' (有 'libcrypto.lib(libcrypto-lib-bn_div.obj)' 或位於 '')，當做沒有偵錯資訊，連結物件
libcrypto.lib(libcrypto-lib-bn_exp.obj) : warning LNK4099: 找不到 PDB '' (有 'libcrypto.lib(libcrypto-lib-bn_exp.obj)' 或位於 '')，當做沒有偵錯資訊，連結物件
libcrypto.lib(libcrypto-lib-ec_cvt.obj) : warning LNK4099: 找不到 PDB '' (有 'libcrypto.lib(libcrypto-lib-ec_cvt.obj)' 或位於 '')，當做沒有偵錯資訊，連結物件
libcrypto.lib(libcrypto-lib-ecp_nistz256.obj) : warning LNK4099: 找不到 PDB '' (有 'libcrypto.lib(libcrypto-lib-ecp_nistz256.obj)' 或位於 '')，當做沒有偵錯資訊，連結物件
libcrypto.lib(libcrypto-lib-ec_mult.obj) : warning LNK4099: 找不到 PDB '' (有 'libcrypto.lib(libcrypto-lib-ec_mult.obj)' 或位於 '')，當做沒有偵錯資訊，連結物件
libcrypto.lib(libcrypto-lib-ecp_smpl.obj) : warning LNK4099: 找不到 PDB '' (有 'libcrypto.lib(libcrypto-lib-ecp_smpl.obj)' 或位於 '')，當做沒有偵錯資訊，連結物件
libcrypto.lib(libcrypto-lib-dh_asn1.obj) : warning LNK4099: 找不到 PDB '' (有 'libcrypto.lib(libcrypto-lib-dh_asn1.obj)' 或位於 '')，當做沒有偵錯資訊，連結物件
libcrypto.lib(libcrypto-lib-param_build_set.obj) : warning LNK4099: 找不到 PDB '' (有 'libcrypto.lib(libcrypto-lib-param_build_set.obj)' 或位於 '')，當做沒有偵錯資訊，連結物件
libcrypto.lib(libcrypto-lib-dsa_asn1.obj) : warning LNK4099: 找不到 PDB '' (有 'libcrypto.lib(libcrypto-lib-dsa_asn1.obj)' 或位於 '')，當做沒有偵錯資訊，連結物件
libcrypto.lib(libcrypto-lib-rsa_schemes.obj) : warning LNK4099: 找不到 PDB '' (有 'libcrypto.lib(libcrypto-lib-rsa_schemes.obj)' 或位於 '')，當做沒有偵錯資訊，連結物件
libcrypto.lib(libcrypto-lib-rsa_sp800_56b_gen.obj) : warning LNK4099: 找不到 PDB '' (有 'libcrypto.lib(libcrypto-lib-rsa_sp800_56b_gen.obj)' 或位於 '')，當做沒有偵錯資訊，連結物件
libcrypto.lib(libcrypto-lib-rsa_mp_names.obj) : warning LNK4099: 找不到 PDB '' (有 'libcrypto.lib(libcrypto-lib-rsa_mp_names.obj)' 或位於 '')，當做沒有偵錯資訊，連結物件
libcrypto.lib(libcrypto-lib-pcy_lib.obj) : warning LNK4099: 找不到 PDB '' (有 'libcrypto.lib(libcrypto-lib-pcy_lib.obj)' 或位於 '')，當做沒有偵錯資訊，連結物件
libcrypto.lib(libcrypto-lib-pcy_node.obj) : warning LNK4099: 找不到 PDB '' (有 'libcrypto.lib(libcrypto-lib-pcy_node.obj)' 或位於 '')，當做沒有偵錯資訊，連結物件
libcrypto.lib(libcrypto-lib-a_sign.obj) : warning LNK4099: 找不到 PDB '' (有 'libcrypto.lib(libcrypto-lib-a_sign.obj)' 或位於 '')，當做沒有偵錯資訊，連結物件
libcrypto.lib(libcrypto-lib-a_d2i_fp.obj) : warning LNK4099: 找不到 PDB '' (有 'libcrypto.lib(libcrypto-lib-a_d2i_fp.obj)' 或位於 '')，當做沒有偵錯資訊，連結物件
libcrypto.lib(libcrypto-lib-a_i2d_fp.obj) : warning LNK4099: 找不到 PDB '' (有 'libcrypto.lib(libcrypto-lib-a_i2d_fp.obj)' 或位於 '')，當做沒有偵錯資訊，連結物件
libcrypto.lib(libcrypto-lib-d2i_pr.obj) : warning LNK4099: 找不到 PDB '' (有 'libcrypto.lib(libcrypto-lib-d2i_pr.obj)' 或位於 '')，當做沒有偵錯資訊，連結物件
libcrypto.lib(libcrypto-lib-i2d_evp.obj) : warning LNK4099: 找不到 PDB '' (有 'libcrypto.lib(libcrypto-lib-i2d_evp.obj)' 或位於 '')，當做沒有偵錯資訊，連結物件
libcrypto.lib(libcrypto-lib-pk7_asn1.obj) : warning LNK4099: 找不到 PDB '' (有 'libcrypto.lib(libcrypto-lib-pk7_asn1.obj)' 或位於 '')，當做沒有偵錯資訊，連結物件
libcrypto.lib(libcrypto-lib-http_client.obj) : warning LNK4099: 找不到 PDB '' (有 'libcrypto.lib(libcrypto-lib-http_client.obj)' 或位於 '')，當做沒有偵錯資訊，連結物件
libcrypto.lib(libcrypto-lib-x_sig.obj) : warning LNK4099: 找不到 PDB '' (有 'libcrypto.lib(libcrypto-lib-x_sig.obj)' 或位於 '')，當做沒有偵錯資訊，連結物件
libcrypto.lib(libcrypto-lib-x_req.obj) : warning LNK4099: 找不到 PDB '' (有 'libcrypto.lib(libcrypto-lib-x_req.obj)' 或位於 '')，當做沒有偵錯資訊，連結物件
libcrypto.lib(libcrypto-lib-x_spki.obj) : warning LNK4099: 找不到 PDB '' (有 'libcrypto.lib(libcrypto-lib-x_spki.obj)' 或位於 '')，當做沒有偵錯資訊，連結物件
libcrypto.lib(libcrypto-lib-a_digest.obj) : warning LNK4099: 找不到 PDB '' (有 'libcrypto.lib(libcrypto-lib-a_digest.obj)' 或位於 '')，當做沒有偵錯資訊，連結物件
libcrypto.lib(libcrypto-lib-evp_pkey.obj) : warning LNK4099: 找不到 PDB '' (有 'libcrypto.lib(libcrypto-lib-evp_pkey.obj)' 或位於 '')，當做沒有偵錯資訊，連結物件
libcrypto.lib(libcrypto-lib-pk7_lib.obj) : warning LNK4099: 找不到 PDB '' (有 'libcrypto.lib(libcrypto-lib-pk7_lib.obj)' 或位於 '')，當做沒有偵錯資訊，連結物件
libcrypto.lib(libcrypto-lib-time.obj) : warning LNK4099: 找不到 PDB '' (有 'libcrypto.lib(libcrypto-lib-time.obj)' 或位於 '')，當做沒有偵錯資訊，連結物件
libcrypto.lib(libcrypto-lib-p_verify.obj) : warning LNK4099: 找不到 PDB '' (有 'libcrypto.lib(libcrypto-lib-p_verify.obj)' 或位於 '')，當做沒有偵錯資訊，連結物件
libcrypto.lib(libcrypto-lib-rand_meth.obj) : warning LNK4099: 找不到 PDB '' (有 'libcrypto.lib(libcrypto-lib-rand_meth.obj)' 或位於 '')，當做沒有偵錯資訊，連結物件
libcrypto.lib(libcrypto-lib-tb_rand.obj) : warning LNK4099: 找不到 PDB '' (有 'libcrypto.lib(libcrypto-lib-tb_rand.obj)' 或位於 '')，當做沒有偵錯資訊，連結物件
libcrypto.lib(libcrypto-lib-e_des.obj) : warning LNK4099: 找不到 PDB '' (有 'libcrypto.lib(libcrypto-lib-e_des.obj)' 或位於 '')，當做沒有偵錯資訊，連結物件
libcrypto.lib(libcrypto-lib-e_des3.obj) : warning LNK4099: 找不到 PDB '' (有 'libcrypto.lib(libcrypto-lib-e_des3.obj)' 或位於 '')，當做沒有偵錯資訊，連結物件
libcrypto.lib(libcrypto-lib-e_xcbc_d.obj) : warning LNK4099: 找不到 PDB '' (有 'libcrypto.lib(libcrypto-lib-e_xcbc_d.obj)' 或位於 '')，當做沒有偵錯資訊，連結物件
libcrypto.lib(libcrypto-lib-e_rc4.obj) : warning LNK4099: 找不到 PDB '' (有 'libcrypto.lib(libcrypto-lib-e_rc4.obj)' 或位於 '')，當做沒有偵錯資訊，連結物件
libcrypto.lib(libcrypto-lib-e_rc4_hmac_md5.obj) : warning LNK4099: 找不到 PDB '' (有 'libcrypto.lib(libcrypto-lib-e_rc4_hmac_md5.obj)' 或位於 '')，當做沒有偵錯資訊，連結物件
libcrypto.lib(libcrypto-lib-e_idea.obj) : warning LNK4099: 找不到 PDB '' (有 'libcrypto.lib(libcrypto-lib-e_idea.obj)' 或位於 '')，當做沒有偵錯資訊，連結物件
libcrypto.lib(libcrypto-lib-e_rc2.obj) : warning LNK4099: 找不到 PDB '' (有 'libcrypto.lib(libcrypto-lib-e_rc2.obj)' 或位於 '')，當做沒有偵錯資訊，連結物件
libcrypto.lib(libcrypto-lib-e_bf.obj) : warning LNK4099: 找不到 PDB '' (有 'libcrypto.lib(libcrypto-lib-e_bf.obj)' 或位於 '')，當做沒有偵錯資訊，連結物件
libcrypto.lib(libcrypto-lib-e_cast.obj) : warning LNK4099: 找不到 PDB '' (有 'libcrypto.lib(libcrypto-lib-e_cast.obj)' 或位於 '')，當做沒有偵錯資訊，連結物件
libcrypto.lib(libcrypto-lib-e_aes.obj) : warning LNK4099: 找不到 PDB '' (有 'libcrypto.lib(libcrypto-lib-e_aes.obj)' 或位於 '')，當做沒有偵錯資訊，連結物件
libcrypto.lib(libcrypto-lib-e_aes_cbc_hmac_sha1.obj) : warning LNK4099: 找不到 PDB '' (有 'libcrypto.lib(libcrypto-lib-e_aes_cbc_hmac_sha1.obj)' 或位於 '')，當做沒有偵錯資訊，連結物件
libcrypto.lib(libcrypto-lib-e_aes_cbc_hmac_sha256.obj) : warning LNK4099: 找不到 PDB '' (有 'libcrypto.lib(libcrypto-lib-e_aes_cbc_hmac_sha256.obj)' 或位於 '')，當做沒有偵錯資訊，連結物件
libcrypto.lib(libcrypto-lib-e_aria.obj) : warning LNK4099: 找不到 PDB '' (有 'libcrypto.lib(libcrypto-lib-e_aria.obj)' 或位於 '')，當做沒有偵錯資訊，連結物件
libcrypto.lib(libcrypto-lib-e_camellia.obj) : warning LNK4099: 找不到 PDB '' (有 'libcrypto.lib(libcrypto-lib-e_camellia.obj)' 或位於 '')，當做沒有偵錯資訊，連結物件
libcrypto.lib(libcrypto-lib-e_chacha20_poly1305.obj) : warning LNK4099: 找不到 PDB '' (有 'libcrypto.lib(libcrypto-lib-e_chacha20_poly1305.obj)' 或位於 '')，當做沒有偵錯資訊，連結物件
libcrypto.lib(libcrypto-lib-e_seed.obj) : warning LNK4099: 找不到 PDB '' (有 'libcrypto.lib(libcrypto-lib-e_seed.obj)' 或位於 '')，當做沒有偵錯資訊，連結物件
libcrypto.lib(libcrypto-lib-e_sm4.obj) : warning LNK4099: 找不到 PDB '' (有 'libcrypto.lib(libcrypto-lib-e_sm4.obj)' 或位於 '')，當做沒有偵錯資訊，連結物件
libcrypto.lib(libcrypto-lib-legacy_md4.obj) : warning LNK4099: 找不到 PDB '' (有 'libcrypto.lib(libcrypto-lib-legacy_md4.obj)' 或位於 '')，當做沒有偵錯資訊，連結物件
libcrypto.lib(libcrypto-lib-legacy_md5_sha1.obj) : warning LNK4099: 找不到 PDB '' (有 'libcrypto.lib(libcrypto-lib-legacy_md5_sha1.obj)' 或位於 '')，當做沒有偵錯資訊，連結物件
libcrypto.lib(libcrypto-lib-legacy_blake2.obj) : warning LNK4099: 找不到 PDB '' (有 'libcrypto.lib(libcrypto-lib-legacy_blake2.obj)' 或位於 '')，當做沒有偵錯資訊，連結物件
libcrypto.lib(libcrypto-lib-legacy_mdc2.obj) : warning LNK4099: 找不到 PDB '' (有 'libcrypto.lib(libcrypto-lib-legacy_mdc2.obj)' 或位於 '')，當做沒有偵錯資訊，連結物件
libcrypto.lib(libcrypto-lib-legacy_ripemd.obj) : warning LNK4099: 找不到 PDB '' (有 'libcrypto.lib(libcrypto-lib-legacy_ripemd.obj)' 或位於 '')，當做沒有偵錯資訊，連結物件
libcrypto.lib(libcrypto-lib-legacy_wp.obj) : warning LNK4099: 找不到 PDB '' (有 'libcrypto.lib(libcrypto-lib-legacy_wp.obj)' 或位於 '')，當做沒有偵錯資訊，連結物件
libcrypto.lib(libcrypto-lib-legacy_sm3.obj) : warning LNK4099: 找不到 PDB '' (有 'libcrypto.lib(libcrypto-lib-legacy_sm3.obj)' 或位於 '')，當做沒有偵錯資訊，連結物件
libcrypto.lib(libcrypto-lib-conf_mall.obj) : warning LNK4099: 找不到 PDB '' (有 'libcrypto.lib(libcrypto-lib-conf_mall.obj)' 或位於 '')，當做沒有偵錯資訊，連結物件
libcrypto.lib(libcrypto-lib-conf_api.obj) : warning LNK4099: 找不到 PDB '' (有 'libcrypto.lib(libcrypto-lib-conf_api.obj)' 或位於 '')，當做沒有偵錯資訊，連結物件
libcrypto.lib(libcrypto-lib-x509_def.obj) : warning LNK4099: 找不到 PDB '' (有 'libcrypto.lib(libcrypto-lib-x509_def.obj)' 或位於 '')，當做沒有偵錯資訊，連結物件
libcrypto.lib(libcrypto-lib-async_win.obj) : warning LNK4099: 找不到 PDB '' (有 'libcrypto.lib(libcrypto-lib-async_win.obj)' 或位於 '')，當做沒有偵錯資訊，連結物件
libcrypto.lib(libcrypto-lib-async_wait.obj) : warning LNK4099: 找不到 PDB '' (有 'libcrypto.lib(libcrypto-lib-async_wait.obj)' 或位於 '')，當做沒有偵錯資訊，連結物件
libcrypto.lib(libcrypto-lib-tb_eckey.obj) : warning LNK4099: 找不到 PDB '' (有 'libcrypto.lib(libcrypto-lib-tb_eckey.obj)' 或位於 '')，當做沒有偵錯資訊，連結物件
libcrypto.lib(libcrypto-lib-cmeth_lib.obj) : warning LNK4099: 找不到 PDB '' (有 'libcrypto.lib(libcrypto-lib-cmeth_lib.obj)' 或位於 '')，當做沒有偵錯資訊，連結物件
libcrypto.lib(libcrypto-lib-pem_pkey.obj) : warning LNK4099: 找不到 PDB '' (有 'libcrypto.lib(libcrypto-lib-pem_pkey.obj)' 或位於 '')，當做沒有偵錯資訊，連結物件
libcrypto.lib(libcrypto-lib-eng_pkey.obj) : warning LNK4099: 找不到 PDB '' (有 'libcrypto.lib(libcrypto-lib-eng_pkey.obj)' 或位於 '')，當做沒有偵錯資訊，連結物件
libcrypto.lib(libcrypto-lib-ctr128.obj) : warning LNK4099: 找不到 PDB '' (有 'libcrypto.lib(libcrypto-lib-ctr128.obj)' 或位於 '')，當做沒有偵錯資訊，連結物件
libcrypto.lib(libcrypto-lib-rsa_meth.obj) : warning LNK4099: 找不到 PDB '' (有 'libcrypto.lib(libcrypto-lib-rsa_meth.obj)' 或位於 '')，當做沒有偵錯資訊，連結物件
libcrypto.lib(libcrypto-lib-dsa_meth.obj) : warning LNK4099: 找不到 PDB '' (有 'libcrypto.lib(libcrypto-lib-dsa_meth.obj)' 或位於 '')，當做沒有偵錯資訊，連結物件
libcrypto.lib(libcrypto-lib-pem_x509.obj) : warning LNK4099: 找不到 PDB '' (有 'libcrypto.lib(libcrypto-lib-pem_x509.obj)' 或位於 '')，當做沒有偵錯資訊，連結物件
libcrypto.lib(libcrypto-lib-cpt_err.obj) : warning LNK4099: 找不到 PDB '' (有 'libcrypto.lib(libcrypto-lib-cpt_err.obj)' 或位於 '')，當做沒有偵錯資訊，連結物件
libcrypto.lib(libcrypto-lib-asn1_err.obj) : warning LNK4099: 找不到 PDB '' (有 'libcrypto.lib(libcrypto-lib-asn1_err.obj)' 或位於 '')，當做沒有偵錯資訊，連結物件
libcrypto.lib(libcrypto-lib-bn_err.obj) : warning LNK4099: 找不到 PDB '' (有 'libcrypto.lib(libcrypto-lib-bn_err.obj)' 或位於 '')，當做沒有偵錯資訊，連結物件
libcrypto.lib(libcrypto-lib-ec_err.obj) : warning LNK4099: 找不到 PDB '' (有 'libcrypto.lib(libcrypto-lib-ec_err.obj)' 或位於 '')，當做沒有偵錯資訊，連結物件
libcrypto.lib(libcrypto-lib-buf_err.obj) : warning LNK4099: 找不到 PDB '' (有 'libcrypto.lib(libcrypto-lib-buf_err.obj)' 或位於 '')，當做沒有偵錯資訊，連結物件
libcrypto.lib(libcrypto-lib-bio_err.obj) : warning LNK4099: 找不到 PDB '' (有 'libcrypto.lib(libcrypto-lib-bio_err.obj)' 或位於 '')，當做沒有偵錯資訊，連結物件
libcrypto.lib(libcrypto-lib-comp_err.obj) : warning LNK4099: 找不到 PDB '' (有 'libcrypto.lib(libcrypto-lib-comp_err.obj)' 或位於 '')，當做沒有偵錯資訊，連結物件
libcrypto.lib(libcrypto-lib-rsa_err.obj) : warning LNK4099: 找不到 PDB '' (有 'libcrypto.lib(libcrypto-lib-rsa_err.obj)' 或位於 '')，當做沒有偵錯資訊，連結物件
libcrypto.lib(libcrypto-lib-dh_err.obj) : warning LNK4099: 找不到 PDB '' (有 'libcrypto.lib(libcrypto-lib-dh_err.obj)' 或位於 '')，當做沒有偵錯資訊，連結物件
libcrypto.lib(libcrypto-lib-dsa_err.obj) : warning LNK4099: 找不到 PDB '' (有 'libcrypto.lib(libcrypto-lib-dsa_err.obj)' 或位於 '')，當做沒有偵錯資訊，連結物件
libcrypto.lib(libcrypto-lib-evp_err.obj) : warning LNK4099: 找不到 PDB '' (有 'libcrypto.lib(libcrypto-lib-evp_err.obj)' 或位於 '')，當做沒有偵錯資訊，連結物件
libcrypto.lib(libcrypto-lib-obj_err.obj) : warning LNK4099: 找不到 PDB '' (有 'libcrypto.lib(libcrypto-lib-obj_err.obj)' 或位於 '')，當做沒有偵錯資訊，連結物件
libcrypto.lib(libcrypto-lib-pem_err.obj) : warning LNK4099: 找不到 PDB '' (有 'libcrypto.lib(libcrypto-lib-pem_err.obj)' 或位於 '')，當做沒有偵錯資訊，連結物件
libcrypto.lib(libcrypto-lib-pkcs7err.obj) : warning LNK4099: 找不到 PDB '' (有 'libcrypto.lib(libcrypto-lib-pkcs7err.obj)' 或位於 '')，當做沒有偵錯資訊，連結物件
libcrypto.lib(libcrypto-lib-x509_err.obj) : warning LNK4099: 找不到 PDB '' (有 'libcrypto.lib(libcrypto-lib-x509_err.obj)' 或位於 '')，當做沒有偵錯資訊，連結物件
libcrypto.lib(libcrypto-lib-v3err.obj) : warning LNK4099: 找不到 PDB '' (有 'libcrypto.lib(libcrypto-lib-v3err.obj)' 或位於 '')，當做沒有偵錯資訊，連結物件
libcrypto.lib(libcrypto-lib-conf_err.obj) : warning LNK4099: 找不到 PDB '' (有 'libcrypto.lib(libcrypto-lib-conf_err.obj)' 或位於 '')，當做沒有偵錯資訊，連結物件
libcrypto.lib(libcrypto-lib-pk12err.obj) : warning LNK4099: 找不到 PDB '' (有 'libcrypto.lib(libcrypto-lib-pk12err.obj)' 或位於 '')，當做沒有偵錯資訊，連結物件
libcrypto.lib(libcrypto-lib-rand_err.obj) : warning LNK4099: 找不到 PDB '' (有 'libcrypto.lib(libcrypto-lib-rand_err.obj)' 或位於 '')，當做沒有偵錯資訊，連結物件
libcrypto.lib(libcrypto-lib-dso_err.obj) : warning LNK4099: 找不到 PDB '' (有 'libcrypto.lib(libcrypto-lib-dso_err.obj)' 或位於 '')，當做沒有偵錯資訊，連結物件
libcrypto.lib(libcrypto-lib-eng_err.obj) : warning LNK4099: 找不到 PDB '' (有 'libcrypto.lib(libcrypto-lib-eng_err.obj)' 或位於 '')，當做沒有偵錯資訊，連結物件
libcrypto.lib(libcrypto-lib-ui_err.obj) : warning LNK4099: 找不到 PDB '' (有 'libcrypto.lib(libcrypto-lib-ui_err.obj)' 或位於 '')，當做沒有偵錯資訊，連結物件
libcrypto.lib(libcrypto-lib-http_err.obj) : warning LNK4099: 找不到 PDB '' (有 'libcrypto.lib(libcrypto-lib-http_err.obj)' 或位於 '')，當做沒有偵錯資訊，連結物件
libcrypto.lib(libcrypto-lib-ocsp_err.obj) : warning LNK4099: 找不到 PDB '' (有 'libcrypto.lib(libcrypto-lib-ocsp_err.obj)' 或位於 '')，當做沒有偵錯資訊，連結物件
libcrypto.lib(libcrypto-lib-ts_err.obj) : warning LNK4099: 找不到 PDB '' (有 'libcrypto.lib(libcrypto-lib-ts_err.obj)' 或位於 '')，當做沒有偵錯資訊，連結物件
libcrypto.lib(libcrypto-lib-cms_err.obj) : warning LNK4099: 找不到 PDB '' (有 'libcrypto.lib(libcrypto-lib-cms_err.obj)' 或位於 '')，當做沒有偵錯資訊，連結物件
libcrypto.lib(libcrypto-lib-crmf_err.obj) : warning LNK4099: 找不到 PDB '' (有 'libcrypto.lib(libcrypto-lib-crmf_err.obj)' 或位於 '')，當做沒有偵錯資訊，連結物件
libcrypto.lib(libcrypto-lib-cmp_err.obj) : warning LNK4099: 找不到 PDB '' (有 'libcrypto.lib(libcrypto-lib-cmp_err.obj)' 或位於 '')，當做沒有偵錯資訊，連結物件
libcrypto.lib(libcrypto-lib-ct_err.obj) : warning LNK4099: 找不到 PDB '' (有 'libcrypto.lib(libcrypto-lib-ct_err.obj)' 或位於 '')，當做沒有偵錯資訊，連結物件
libcrypto.lib(libcrypto-lib-async_err.obj) : warning LNK4099: 找不到 PDB '' (有 'libcrypto.lib(libcrypto-lib-async_err.obj)' 或位於 '')，當做沒有偵錯資訊，連結物件
libcrypto.lib(libcrypto-lib-store_err.obj) : warning LNK4099: 找不到 PDB '' (有 'libcrypto.lib(libcrypto-lib-store_err.obj)' 或位於 '')，當做沒有偵錯資訊，連結物件
libcrypto.lib(libcrypto-lib-ess_err.obj) : warning LNK4099: 找不到 PDB '' (有 'libcrypto.lib(libcrypto-lib-ess_err.obj)' 或位於 '')，當做沒有偵錯資訊，連結物件
libcrypto.lib(libcrypto-lib-property_err.obj) : warning LNK4099: 找不到 PDB '' (有 'libcrypto.lib(libcrypto-lib-property_err.obj)' 或位於 '')，當做沒有偵錯資訊，連結物件
libcrypto.lib(libcommon-lib-provider_err.obj) : warning LNK4099: 找不到 PDB '' (有 'libcrypto.lib(libcommon-lib-provider_err.obj)' 或位於 '')，當做沒有偵錯資訊，連結物件
libcrypto.lib(libcrypto-lib-store_register.obj) : warning LNK4099: 找不到 PDB '' (有 'libcrypto.lib(libcrypto-lib-store_register.obj)' 或位於 '')，當做沒有偵錯資訊，連結物件
libcrypto.lib(libcrypto-lib-bn_gcd.obj) : warning LNK4099: 找不到 PDB '' (有 'libcrypto.lib(libcrypto-lib-bn_gcd.obj)' 或位於 '')，當做沒有偵錯資訊，連結物件
libcrypto.lib(libcrypto-lib-bn_mul.obj) : warning LNK4099: 找不到 PDB '' (有 'libcrypto.lib(libcrypto-lib-bn_mul.obj)' 或位於 '')，當做沒有偵錯資訊，連結物件
libcrypto.lib(libcrypto-lib-bn_sqr.obj) : warning LNK4099: 找不到 PDB '' (有 'libcrypto.lib(libcrypto-lib-bn_sqr.obj)' 或位於 '')，當做沒有偵錯資訊，連結物件
libcrypto.lib(libcrypto-lib-p12_crpt.obj) : warning LNK4099: 找不到 PDB '' (有 'libcrypto.lib(libcrypto-lib-p12_crpt.obj)' 或位於 '')，當做沒有偵錯資訊，連結物件
libcrypto.lib(libcrypto-lib-p5_crpt2.obj) : warning LNK4099: 找不到 PDB '' (有 'libcrypto.lib(libcrypto-lib-p5_crpt2.obj)' 或位於 '')，當做沒有偵錯資訊，連結物件
libcrypto.lib(libcrypto-lib-p5_crpt.obj) : warning LNK4099: 找不到 PDB '' (有 'libcrypto.lib(libcrypto-lib-p5_crpt.obj)' 或位於 '')，當做沒有偵錯資訊，連結物件
libcrypto.lib(libcrypto-lib-p5_scrypt.obj) : warning LNK4099: 找不到 PDB '' (有 'libcrypto.lib(libcrypto-lib-p5_scrypt.obj)' 或位於 '')，當做沒有偵錯資訊，連結物件
libcrypto.lib(libcrypto-lib-bn_prime.obj) : warning LNK4099: 找不到 PDB '' (有 'libcrypto.lib(libcrypto-lib-bn_prime.obj)' 或位於 '')，當做沒有偵錯資訊，連結物件
libcrypto.lib(libcrypto-lib-ffc_params_validate.obj) : warning LNK4099: 找不到 PDB '' (有 'libcrypto.lib(libcrypto-lib-ffc_params_validate.obj)' 或位於 '')，當做沒有偵錯資訊，連結物件
libcrypto.lib(libcrypto-lib-ffc_key_generate.obj) : warning LNK4099: 找不到 PDB '' (有 'libcrypto.lib(libcrypto-lib-ffc_key_generate.obj)' 或位於 '')，當做沒有偵錯資訊，連結物件
libcrypto.lib(libcrypto-lib-dh_check.obj) : warning LNK4099: 找不到 PDB '' (有 'libcrypto.lib(libcrypto-lib-dh_check.obj)' 或位於 '')，當做沒有偵錯資訊，連結物件
libcrypto.lib(libcrypto-lib-kdf_meth.obj) : warning LNK4099: 找不到 PDB '' (有 'libcrypto.lib(libcrypto-lib-kdf_meth.obj)' 或位於 '')，當做沒有偵錯資訊，連結物件
libcrypto.lib(libcrypto-lib-kdf_lib.obj) : warning LNK4099: 找不到 PDB '' (有 'libcrypto.lib(libcrypto-lib-kdf_lib.obj)' 或位於 '')，當做沒有偵錯資訊，連結物件
libcrypto.lib(libcrypto-lib-dsa_vrf.obj) : warning LNK4099: 找不到 PDB '' (有 'libcrypto.lib(libcrypto-lib-dsa_vrf.obj)' 或位於 '')，當做沒有偵錯資訊，連結物件
libcrypto.lib(libcrypto-lib-asn1_dsa.obj) : warning LNK4099: 找不到 PDB '' (有 'libcrypto.lib(libcrypto-lib-asn1_dsa.obj)' 或位於 '')，當做沒有偵錯資訊，連結物件
libcrypto.lib(libcrypto-lib-ecdh_ossl.obj) : warning LNK4099: 找不到 PDB '' (有 'libcrypto.lib(libcrypto-lib-ecdh_ossl.obj)' 或位於 '')，當做沒有偵錯資訊，連結物件
libcrypto.lib(libcrypto-lib-ecdsa_ossl.obj) : warning LNK4099: 找不到 PDB '' (有 'libcrypto.lib(libcrypto-lib-ecdsa_ossl.obj)' 或位於 '')，當做沒有偵錯資訊，連結物件
libcrypto.lib(libcrypto-lib-scalar.obj) : warning LNK4099: 找不到 PDB '' (有 'libcrypto.lib(libcrypto-lib-scalar.obj)' 或位於 '')，當做沒有偵錯資訊，連結物件
libcrypto.lib(libcrypto-lib-curve448_tables.obj) : warning LNK4099: 找不到 PDB '' (有 'libcrypto.lib(libcrypto-lib-curve448_tables.obj)' 或位於 '')，當做沒有偵錯資訊，連結物件
libcrypto.lib(libcrypto-lib-f_generic.obj) : warning LNK4099: 找不到 PDB '' (有 'libcrypto.lib(libcrypto-lib-f_generic.obj)' 或位於 '')，當做沒有偵錯資訊，連結物件
libcrypto.lib(libcrypto-lib-f_impl32.obj) : warning LNK4099: 找不到 PDB '' (有 'libcrypto.lib(libcrypto-lib-f_impl32.obj)' 或位於 '')，當做沒有偵錯資訊，連結物件
libcrypto.lib(libcrypto-lib-rsa_sp800_56b_check.obj) : warning LNK4099: 找不到 PDB '' (有 'libcrypto.lib(libcrypto-lib-rsa_sp800_56b_check.obj)' 或位於 '')，當做沒有偵錯資訊，連結物件
libcrypto.lib(libcrypto-lib-rsa_chk.obj) : warning LNK4099: 找不到 PDB '' (有 'libcrypto.lib(libcrypto-lib-rsa_chk.obj)' 或位於 '')，當做沒有偵錯資訊，連結物件
libcrypto.lib(libcrypto-lib-ecp_oct.obj) : warning LNK4099: 找不到 PDB '' (有 'libcrypto.lib(libcrypto-lib-ecp_oct.obj)' 或位於 '')，當做沒有偵錯資訊，連結物件
libcrypto.lib(libcrypto-lib-ec2_oct.obj) : warning LNK4099: 找不到 PDB '' (有 'libcrypto.lib(libcrypto-lib-ec2_oct.obj)' 或位於 '')，當做沒有偵錯資訊，連結物件
libcrypto.lib(libcrypto-lib-bn_dh.obj) : warning LNK4099: 找不到 PDB '' (有 'libcrypto.lib(libcrypto-lib-bn_dh.obj)' 或位於 '')，當做沒有偵錯資訊，連結物件
libcrypto.lib(libcommon-lib-provider_ctx.obj) : warning LNK4099: 找不到 PDB '' (有 'libcrypto.lib(libcommon-lib-provider_ctx.obj)' 或位於 '')，當做沒有偵錯資訊，連結物件
libcrypto.lib(libdefault-lib-provider_seeding.obj) : warning LNK4099: 找不到 PDB '' (有 'libcrypto.lib(libdefault-lib-provider_seeding.obj)' 或位於 '')，當做沒有偵錯資訊，連結物件
libcrypto.lib(libcrypto-lib-arch.obj) : warning LNK4099: 找不到 PDB '' (有 'libcrypto.lib(libcrypto-lib-arch.obj)' 或位於 '')，當做沒有偵錯資訊，連結物件
libcrypto.lib(libcrypto-lib-ui_lib.obj) : warning LNK4099: 找不到 PDB '' (有 'libcrypto.lib(libcrypto-lib-ui_lib.obj)' 或位於 '')，當做沒有偵錯資訊，連結物件
libcrypto.lib(libcrypto-lib-ui_util.obj) : warning LNK4099: 找不到 PDB '' (有 'libcrypto.lib(libcrypto-lib-ui_util.obj)' 或位於 '')，當做沒有偵錯資訊，連結物件
libcrypto.lib(libdefault-lib-cipher_aes_cbc_hmac_sha1_hw.obj) : warning LNK4099: 找不到 PDB '' (有 'libcrypto.lib(libdefault-lib-cipher_aes_cbc_hmac_sha1_hw.obj)' 或位於 '')，當做沒有偵錯資訊，連結物件
libcrypto.lib(libdefault-lib-cipher_aes_cbc_hmac_sha256_hw.obj) : warning LNK4099: 找不到 PDB '' (有 'libcrypto.lib(libdefault-lib-cipher_aes_cbc_hmac_sha256_hw.obj)' 或位於 '')，當做沒有偵錯資訊，連結物件
libcrypto.lib(libdefault-lib-capabilities.obj) : warning LNK4099: 找不到 PDB '' (有 'libcrypto.lib(libdefault-lib-capabilities.obj)' 或位於 '')，當做沒有偵錯資訊，連結物件
libcrypto.lib(libdefault-lib-sha2_prov.obj) : warning LNK4099: 找不到 PDB '' (有 'libcrypto.lib(libdefault-lib-sha2_prov.obj)' 或位於 '')，當做沒有偵錯資訊，連結物件
libcrypto.lib(libdefault-lib-sha3_prov.obj) : warning LNK4099: 找不到 PDB '' (有 'libcrypto.lib(libdefault-lib-sha3_prov.obj)' 或位於 '')，當做沒有偵錯資訊，連結物件
libcrypto.lib(libdefault-lib-blake2_prov.obj) : warning LNK4099: 找不到 PDB '' (有 'libcrypto.lib(libdefault-lib-blake2_prov.obj)' 或位於 '')，當做沒有偵錯資訊，連結物件
libcrypto.lib(libdefault-lib-md5_prov.obj) : warning LNK4099: 找不到 PDB '' (有 'libcrypto.lib(libdefault-lib-md5_prov.obj)' 或位於 '')，當做沒有偵錯資訊，連結物件
libcrypto.lib(libdefault-lib-md5_sha1_prov.obj) : warning LNK4099: 找不到 PDB '' (有 'libcrypto.lib(libdefault-lib-md5_sha1_prov.obj)' 或位於 '')，當做沒有偵錯資訊，連結物件
libcrypto.lib(libdefault-lib-sm3_prov.obj) : warning LNK4099: 找不到 PDB '' (有 'libcrypto.lib(libdefault-lib-sm3_prov.obj)' 或位於 '')，當做沒有偵錯資訊，連結物件
libcrypto.lib(libdefault-lib-ripemd_prov.obj) : warning LNK4099: 找不到 PDB '' (有 'libcrypto.lib(libdefault-lib-ripemd_prov.obj)' 或位於 '')，當做沒有偵錯資訊，連結物件
libcrypto.lib(libdefault-lib-null_prov.obj) : warning LNK4099: 找不到 PDB '' (有 'libcrypto.lib(libdefault-lib-null_prov.obj)' 或位於 '')，當做沒有偵錯資訊，連結物件
libcrypto.lib(libdefault-lib-cipher_null.obj) : warning LNK4099: 找不到 PDB '' (有 'libcrypto.lib(libdefault-lib-cipher_null.obj)' 或位於 '')，當做沒有偵錯資訊，連結物件
libcrypto.lib(libdefault-lib-cipher_aes.obj) : warning LNK4099: 找不到 PDB '' (有 'libcrypto.lib(libdefault-lib-cipher_aes.obj)' 或位於 '')，當做沒有偵錯資訊，連結物件
libcrypto.lib(libdefault-lib-cipher_aes_xts.obj) : warning LNK4099: 找不到 PDB '' (有 'libcrypto.lib(libdefault-lib-cipher_aes_xts.obj)' 或位於 '')，當做沒有偵錯資訊，連結物件
libcrypto.lib(libdefault-lib-cipher_aes_ocb.obj) : warning LNK4099: 找不到 PDB '' (有 'libcrypto.lib(libdefault-lib-cipher_aes_ocb.obj)' 或位於 '')，當做沒有偵錯資訊，連結物件
libcrypto.lib(libdefault-lib-cipher_aes_gcm.obj) : warning LNK4099: 找不到 PDB '' (有 'libcrypto.lib(libdefault-lib-cipher_aes_gcm.obj)' 或位於 '')，當做沒有偵錯資訊，連結物件
libcrypto.lib(libdefault-lib-cipher_aes_ccm.obj) : warning LNK4099: 找不到 PDB '' (有 'libcrypto.lib(libdefault-lib-cipher_aes_ccm.obj)' 或位於 '')，當做沒有偵錯資訊，連結物件
libcrypto.lib(libdefault-lib-cipher_aes_wrp.obj) : warning LNK4099: 找不到 PDB '' (有 'libcrypto.lib(libdefault-lib-cipher_aes_wrp.obj)' 或位於 '')，當做沒有偵錯資訊，連結物件
libcrypto.lib(libdefault-lib-cipher_aes_cbc_hmac_sha.obj) : warning LNK4099: 找不到 PDB '' (有 'libcrypto.lib(libdefault-lib-cipher_aes_cbc_hmac_sha.obj)' 或位於 '')，當做沒有偵錯資訊，連結物件
libcrypto.lib(libdefault-lib-cipher_aria_gcm.obj) : warning LNK4099: 找不到 PDB '' (有 'libcrypto.lib(libdefault-lib-cipher_aria_gcm.obj)' 或位於 '')，當做沒有偵錯資訊，連結物件
libcrypto.lib(libdefault-lib-cipher_aria_ccm.obj) : warning LNK4099: 找不到 PDB '' (有 'libcrypto.lib(libdefault-lib-cipher_aria_ccm.obj)' 或位於 '')，當做沒有偵錯資訊，連結物件
libcrypto.lib(libdefault-lib-cipher_aria.obj) : warning LNK4099: 找不到 PDB '' (有 'libcrypto.lib(libdefault-lib-cipher_aria.obj)' 或位於 '')，當做沒有偵錯資訊，連結物件
libcrypto.lib(libdefault-lib-cipher_camellia.obj) : warning LNK4099: 找不到 PDB '' (有 'libcrypto.lib(libdefault-lib-cipher_camellia.obj)' 或位於 '')，當做沒有偵錯資訊，連結物件
libcrypto.lib(libdefault-lib-cipher_sm4_gcm.obj) : warning LNK4099: 找不到 PDB '' (有 'libcrypto.lib(libdefault-lib-cipher_sm4_gcm.obj)' 或位於 '')，當做沒有偵錯資訊，連結物件
libcrypto.lib(libdefault-lib-cipher_sm4_ccm.obj) : warning LNK4099: 找不到 PDB '' (有 'libcrypto.lib(libdefault-lib-cipher_sm4_ccm.obj)' 或位於 '')，當做沒有偵錯資訊，連結物件
libcrypto.lib(libdefault-lib-cipher_sm4.obj) : warning LNK4099: 找不到 PDB '' (有 'libcrypto.lib(libdefault-lib-cipher_sm4.obj)' 或位於 '')，當做沒有偵錯資訊，連結物件
libcrypto.lib(libdefault-lib-cipher_sm4_xts.obj) : warning LNK4099: 找不到 PDB '' (有 'libcrypto.lib(libdefault-lib-cipher_sm4_xts.obj)' 或位於 '')，當做沒有偵錯資訊，連結物件
libcrypto.lib(libdefault-lib-cipher_tdes.obj) : warning LNK4099: 找不到 PDB '' (有 'libcrypto.lib(libdefault-lib-cipher_tdes.obj)' 或位於 '')，當做沒有偵錯資訊，連結物件
libcrypto.lib(libdefault-lib-cipher_tdes_default.obj) : warning LNK4099: 找不到 PDB '' (有 'libcrypto.lib(libdefault-lib-cipher_tdes_default.obj)' 或位於 '')，當做沒有偵錯資訊，連結物件
libcrypto.lib(libdefault-lib-cipher_tdes_wrap.obj) : warning LNK4099: 找不到 PDB '' (有 'libcrypto.lib(libdefault-lib-cipher_tdes_wrap.obj)' 或位於 '')，當做沒有偵錯資訊，連結物件
libcrypto.lib(libdefault-lib-cipher_chacha20.obj) : warning LNK4099: 找不到 PDB '' (有 'libcrypto.lib(libdefault-lib-cipher_chacha20.obj)' 或位於 '')，當做沒有偵錯資訊，連結物件
libcrypto.lib(libdefault-lib-cipher_chacha20_poly1305.obj) : warning LNK4099: 找不到 PDB '' (有 'libcrypto.lib(libdefault-lib-cipher_chacha20_poly1305.obj)' 或位於 '')，當做沒有偵錯資訊，連結物件
libcrypto.lib(libdefault-lib-cipher_aes_siv.obj) : warning LNK4099: 找不到 PDB '' (有 'libcrypto.lib(libdefault-lib-cipher_aes_siv.obj)' 或位於 '')，當做沒有偵錯資訊，連結物件
libcrypto.lib(libdefault-lib-cipher_aes_gcm_siv.obj) : warning LNK4099: 找不到 PDB '' (有 'libcrypto.lib(libdefault-lib-cipher_aes_gcm_siv.obj)' 或位於 '')，當做沒有偵錯資訊，連結物件
libcrypto.lib(libdefault-lib-blake2b_mac.obj) : warning LNK4099: 找不到 PDB '' (有 'libcrypto.lib(libdefault-lib-blake2b_mac.obj)' 或位於 '')，當做沒有偵錯資訊，連結物件
libcrypto.lib(libdefault-lib-blake2s_mac.obj) : warning LNK4099: 找不到 PDB '' (有 'libcrypto.lib(libdefault-lib-blake2s_mac.obj)' 或位於 '')，當做沒有偵錯資訊，連結物件
libcrypto.lib(libdefault-lib-cmac_prov.obj) : warning LNK4099: 找不到 PDB '' (有 'libcrypto.lib(libdefault-lib-cmac_prov.obj)' 或位於 '')，當做沒有偵錯資訊，連結物件
libcrypto.lib(libdefault-lib-gmac_prov.obj) : warning LNK4099: 找不到 PDB '' (有 'libcrypto.lib(libdefault-lib-gmac_prov.obj)' 或位於 '')，當做沒有偵錯資訊，連結物件
libcrypto.lib(libdefault-lib-hmac_prov.obj) : warning LNK4099: 找不到 PDB '' (有 'libcrypto.lib(libdefault-lib-hmac_prov.obj)' 或位於 '')，當做沒有偵錯資訊，連結物件
libcrypto.lib(libdefault-lib-kmac_prov.obj) : warning LNK4099: 找不到 PDB '' (有 'libcrypto.lib(libdefault-lib-kmac_prov.obj)' 或位於 '')，當做沒有偵錯資訊，連結物件
libcrypto.lib(libdefault-lib-siphash_prov.obj) : warning LNK4099: 找不到 PDB '' (有 'libcrypto.lib(libdefault-lib-siphash_prov.obj)' 或位於 '')，當做沒有偵錯資訊，連結物件
libcrypto.lib(libdefault-lib-poly1305_prov.obj) : warning LNK4099: 找不到 PDB '' (有 'libcrypto.lib(libdefault-lib-poly1305_prov.obj)' 或位於 '')，當做沒有偵錯資訊，連結物件
libcrypto.lib(libdefault-lib-pbkdf2.obj) : warning LNK4099: 找不到 PDB '' (有 'libcrypto.lib(libdefault-lib-pbkdf2.obj)' 或位於 '')，當做沒有偵錯資訊，連結物件
libcrypto.lib(libdefault-lib-pkcs12kdf.obj) : warning LNK4099: 找不到 PDB '' (有 'libcrypto.lib(libdefault-lib-pkcs12kdf.obj)' 或位於 '')，當做沒有偵錯資訊，連結物件
libcrypto.lib(libdefault-lib-scrypt.obj) : warning LNK4099: 找不到 PDB '' (有 'libcrypto.lib(libdefault-lib-scrypt.obj)' 或位於 '')，當做沒有偵錯資訊，連結物件
libcrypto.lib(libdefault-lib-tls1_prf.obj) : warning LNK4099: 找不到 PDB '' (有 'libcrypto.lib(libdefault-lib-tls1_prf.obj)' 或位於 '')，當做沒有偵錯資訊，連結物件
libcrypto.lib(libdefault-lib-hkdf.obj) : warning LNK4099: 找不到 PDB '' (有 'libcrypto.lib(libdefault-lib-hkdf.obj)' 或位於 '')，當做沒有偵錯資訊，連結物件
libcrypto.lib(libdefault-lib-sshkdf.obj) : warning LNK4099: 找不到 PDB '' (有 'libcrypto.lib(libdefault-lib-sshkdf.obj)' 或位於 '')，當做沒有偵錯資訊，連結物件
libcrypto.lib(libdefault-lib-sskdf.obj) : warning LNK4099: 找不到 PDB '' (有 'libcrypto.lib(libdefault-lib-sskdf.obj)' 或位於 '')，當做沒有偵錯資訊，連結物件
libcrypto.lib(libdefault-lib-kbkdf.obj) : warning LNK4099: 找不到 PDB '' (有 'libcrypto.lib(libdefault-lib-kbkdf.obj)' 或位於 '')，當做沒有偵錯資訊，連結物件
libcrypto.lib(libdefault-lib-x942kdf.obj) : warning LNK4099: 找不到 PDB '' (有 'libcrypto.lib(libdefault-lib-x942kdf.obj)' 或位於 '')，當做沒有偵錯資訊，連結物件
libcrypto.lib(libdefault-lib-krb5kdf.obj) : warning LNK4099: 找不到 PDB '' (有 'libcrypto.lib(libdefault-lib-krb5kdf.obj)' 或位於 '')，當做沒有偵錯資訊，連結物件
libcrypto.lib(libdefault-lib-hmacdrbg_kdf.obj) : warning LNK4099: 找不到 PDB '' (有 'libcrypto.lib(libdefault-lib-hmacdrbg_kdf.obj)' 或位於 '')，當做沒有偵錯資訊，連結物件
libcrypto.lib(libdefault-lib-argon2.obj) : warning LNK4099: 找不到 PDB '' (有 'libcrypto.lib(libdefault-lib-argon2.obj)' 或位於 '')，當做沒有偵錯資訊，連結物件
libcrypto.lib(libdefault-lib-test_rng.obj) : warning LNK4099: 找不到 PDB '' (有 'libcrypto.lib(libdefault-lib-test_rng.obj)' 或位於 '')，當做沒有偵錯資訊，連結物件
libcrypto.lib(libdefault-lib-seed_src.obj) : warning LNK4099: 找不到 PDB '' (有 'libcrypto.lib(libdefault-lib-seed_src.obj)' 或位於 '')，當做沒有偵錯資訊，連結物件
libcrypto.lib(libdefault-lib-drbg_hash.obj) : warning LNK4099: 找不到 PDB '' (有 'libcrypto.lib(libdefault-lib-drbg_hash.obj)' 或位於 '')，當做沒有偵錯資訊，連結物件
libcrypto.lib(libdefault-lib-drbg_hmac.obj) : warning LNK4099: 找不到 PDB '' (有 'libcrypto.lib(libdefault-lib-drbg_hmac.obj)' 或位於 '')，當做沒有偵錯資訊，連結物件
libcrypto.lib(libdefault-lib-drbg_ctr.obj) : warning LNK4099: 找不到 PDB '' (有 'libcrypto.lib(libdefault-lib-drbg_ctr.obj)' 或位於 '')，當做沒有偵錯資訊，連結物件
libcrypto.lib(libdefault-lib-dh_kmgmt.obj) : warning LNK4099: 找不到 PDB '' (有 'libcrypto.lib(libdefault-lib-dh_kmgmt.obj)' 或位於 '')，當做沒有偵錯資訊，連結物件
libcrypto.lib(libdefault-lib-dsa_kmgmt.obj) : warning LNK4099: 找不到 PDB '' (有 'libcrypto.lib(libdefault-lib-dsa_kmgmt.obj)' 或位於 '')，當做沒有偵錯資訊，連結物件
libcrypto.lib(libdefault-lib-rsa_kmgmt.obj) : warning LNK4099: 找不到 PDB '' (有 'libcrypto.lib(libdefault-lib-rsa_kmgmt.obj)' 或位於 '')，當做沒有偵錯資訊，連結物件
libcrypto.lib(libdefault-lib-ecx_kmgmt.obj) : warning LNK4099: 找不到 PDB '' (有 'libcrypto.lib(libdefault-lib-ecx_kmgmt.obj)' 或位於 '')，當做沒有偵錯資訊，連結物件
libcrypto.lib(libdefault-lib-ec_kmgmt.obj) : warning LNK4099: 找不到 PDB '' (有 'libcrypto.lib(libdefault-lib-ec_kmgmt.obj)' 或位於 '')，當做沒有偵錯資訊，連結物件
libcrypto.lib(libdefault-lib-kdf_legacy_kmgmt.obj) : warning LNK4099: 找不到 PDB '' (有 'libcrypto.lib(libdefault-lib-kdf_legacy_kmgmt.obj)' 或位於 '')，當做沒有偵錯資訊，連結物件
libcrypto.lib(libdefault-lib-mac_legacy_kmgmt.obj) : warning LNK4099: 找不到 PDB '' (有 'libcrypto.lib(libdefault-lib-mac_legacy_kmgmt.obj)' 或位於 '')，當做沒有偵錯資訊，連結物件
libcrypto.lib(libdefault-lib-dh_exch.obj) : warning LNK4099: 找不到 PDB '' (有 'libcrypto.lib(libdefault-lib-dh_exch.obj)' 或位於 '')，當做沒有偵錯資訊，連結物件
libcrypto.lib(libdefault-lib-ecx_exch.obj) : warning LNK4099: 找不到 PDB '' (有 'libcrypto.lib(libdefault-lib-ecx_exch.obj)' 或位於 '')，當做沒有偵錯資訊，連結物件
libcrypto.lib(libdefault-lib-ecdh_exch.obj) : warning LNK4099: 找不到 PDB '' (有 'libcrypto.lib(libdefault-lib-ecdh_exch.obj)' 或位於 '')，當做沒有偵錯資訊，連結物件
libcrypto.lib(libdefault-lib-kdf_exch.obj) : warning LNK4099: 找不到 PDB '' (有 'libcrypto.lib(libdefault-lib-kdf_exch.obj)' 或位於 '')，當做沒有偵錯資訊，連結物件
libcrypto.lib(libdefault-lib-dsa_sig.obj) : warning LNK4099: 找不到 PDB '' (有 'libcrypto.lib(libdefault-lib-dsa_sig.obj)' 或位於 '')，當做沒有偵錯資訊，連結物件
libcrypto.lib(libdefault-lib-rsa_sig.obj) : warning LNK4099: 找不到 PDB '' (有 'libcrypto.lib(libdefault-lib-rsa_sig.obj)' 或位於 '')，當做沒有偵錯資訊，連結物件
libcrypto.lib(libdefault-lib-eddsa_sig.obj) : warning LNK4099: 找不到 PDB '' (有 'libcrypto.lib(libdefault-lib-eddsa_sig.obj)' 或位於 '')，當做沒有偵錯資訊，連結物件
libcrypto.lib(libdefault-lib-ecdsa_sig.obj) : warning LNK4099: 找不到 PDB '' (有 'libcrypto.lib(libdefault-lib-ecdsa_sig.obj)' 或位於 '')，當做沒有偵錯資訊，連結物件
libcrypto.lib(libdefault-lib-mac_legacy_sig.obj) : warning LNK4099: 找不到 PDB '' (有 'libcrypto.lib(libdefault-lib-mac_legacy_sig.obj)' 或位於 '')，當做沒有偵錯資訊，連結物件
libcrypto.lib(libdefault-lib-sm2_sig.obj) : warning LNK4099: 找不到 PDB '' (有 'libcrypto.lib(libdefault-lib-sm2_sig.obj)' 或位於 '')，當做沒有偵錯資訊，連結物件
libcrypto.lib(libdefault-lib-rsa_enc.obj) : warning LNK4099: 找不到 PDB '' (有 'libcrypto.lib(libdefault-lib-rsa_enc.obj)' 或位於 '')，當做沒有偵錯資訊，連結物件
libcrypto.lib(libdefault-lib-sm2_enc.obj) : warning LNK4099: 找不到 PDB '' (有 'libcrypto.lib(libdefault-lib-sm2_enc.obj)' 或位於 '')，當做沒有偵錯資訊，連結物件
libcrypto.lib(libdefault-lib-rsa_kem.obj) : warning LNK4099: 找不到 PDB '' (有 'libcrypto.lib(libdefault-lib-rsa_kem.obj)' 或位於 '')，當做沒有偵錯資訊，連結物件
libcrypto.lib(libdefault-lib-ecx_kem.obj) : warning LNK4099: 找不到 PDB '' (有 'libcrypto.lib(libdefault-lib-ecx_kem.obj)' 或位於 '')，當做沒有偵錯資訊，連結物件
libcrypto.lib(libdefault-lib-encode_key2any.obj) : warning LNK4099: 找不到 PDB '' (有 'libcrypto.lib(libdefault-lib-encode_key2any.obj)' 或位於 '')，當做沒有偵錯資訊，連結物件
libcrypto.lib(libdefault-lib-encode_key2ms.obj) : warning LNK4099: 找不到 PDB '' (有 'libcrypto.lib(libdefault-lib-encode_key2ms.obj)' 或位於 '')，當做沒有偵錯資訊，連結物件
libcrypto.lib(libdefault-lib-encode_key2text.obj) : warning LNK4099: 找不到 PDB '' (有 'libcrypto.lib(libdefault-lib-encode_key2text.obj)' 或位於 '')，當做沒有偵錯資訊，連結物件
libcrypto.lib(libdefault-lib-encode_key2blob.obj) : warning LNK4099: 找不到 PDB '' (有 'libcrypto.lib(libdefault-lib-encode_key2blob.obj)' 或位於 '')，當做沒有偵錯資訊，連結物件
libcrypto.lib(libdefault-lib-decode_der2key.obj) : warning LNK4099: 找不到 PDB '' (有 'libcrypto.lib(libdefault-lib-decode_der2key.obj)' 或位於 '')，當做沒有偵錯資訊，連結物件
libcrypto.lib(libdefault-lib-decode_msblob2key.obj) : warning LNK4099: 找不到 PDB '' (有 'libcrypto.lib(libdefault-lib-decode_msblob2key.obj)' 或位於 '')，當做沒有偵錯資訊，連結物件
libcrypto.lib(libdefault-lib-decode_pvk2key.obj) : warning LNK4099: 找不到 PDB '' (有 'libcrypto.lib(libdefault-lib-decode_pvk2key.obj)' 或位於 '')，當做沒有偵錯資訊，連結物件
libcrypto.lib(libdefault-lib-decode_epki2pki.obj) : warning LNK4099: 找不到 PDB '' (有 'libcrypto.lib(libdefault-lib-decode_epki2pki.obj)' 或位於 '')，當做沒有偵錯資訊，連結物件
libcrypto.lib(libdefault-lib-decode_spki2typespki.obj) : warning LNK4099: 找不到 PDB '' (有 'libcrypto.lib(libdefault-lib-decode_spki2typespki.obj)' 或位於 '')，當做沒有偵錯資訊，連結物件
libcrypto.lib(libdefault-lib-decode_pem2der.obj) : warning LNK4099: 找不到 PDB '' (有 'libcrypto.lib(libdefault-lib-decode_pem2der.obj)' 或位於 '')，當做沒有偵錯資訊，連結物件
libcrypto.lib(libdefault-lib-file_store.obj) : warning LNK4099: 找不到 PDB '' (有 'libcrypto.lib(libdefault-lib-file_store.obj)' 或位於 '')，當做沒有偵錯資訊，連結物件
libcrypto.lib(libdefault-lib-winstore_store.obj) : warning LNK4099: 找不到 PDB '' (有 'libcrypto.lib(libdefault-lib-winstore_store.obj)' 或位於 '')，當做沒有偵錯資訊，連結物件
libcrypto.lib(libdefault-lib-bio_prov.obj) : warning LNK4099: 找不到 PDB '' (有 'libcrypto.lib(libdefault-lib-bio_prov.obj)' 或位於 '')，當做沒有偵錯資訊，連結物件
libcrypto.lib(libdefault-lib-provider_util.obj) : warning LNK4099: 找不到 PDB '' (有 'libcrypto.lib(libdefault-lib-provider_util.obj)' 或位於 '')，當做沒有偵錯資訊，連結物件
libcrypto.lib(libcrypto-lib-x509rset.obj) : warning LNK4099: 找不到 PDB '' (有 'libcrypto.lib(libcrypto-lib-x509rset.obj)' 或位於 '')，當做沒有偵錯資訊，連結物件
libcrypto.lib(libcrypto-lib-ct_log.obj) : warning LNK4099: 找不到 PDB '' (有 'libcrypto.lib(libcrypto-lib-ct_log.obj)' 或位於 '')，當做沒有偵錯資訊，連結物件
libcrypto.lib(libcrypto-lib-ct_sct_ctx.obj) : warning LNK4099: 找不到 PDB '' (有 'libcrypto.lib(libcrypto-lib-ct_sct_ctx.obj)' 或位於 '')，當做沒有偵錯資訊，連結物件
libcrypto.lib(libcrypto-lib-ct_vfy.obj) : warning LNK4099: 找不到 PDB '' (有 'libcrypto.lib(libcrypto-lib-ct_vfy.obj)' 或位於 '')，當做沒有偵錯資訊，連結物件
libcrypto.lib(libcrypto-lib-conf_def.obj) : warning LNK4099: 找不到 PDB '' (有 'libcrypto.lib(libcrypto-lib-conf_def.obj)' 或位於 '')，當做沒有偵錯資訊，連結物件
libcrypto.lib(libcrypto-lib-hpke_util.obj) : warning LNK4099: 找不到 PDB '' (有 'libcrypto.lib(libcrypto-lib-hpke_util.obj)' 或位於 '')，當做沒有偵錯資訊，連結物件
libcrypto.lib(libdefault-lib-kem_util.obj) : warning LNK4099: 找不到 PDB '' (有 'libcrypto.lib(libdefault-lib-kem_util.obj)' 或位於 '')，當做沒有偵錯資訊，連結物件
libcrypto.lib(libcrypto-lib-bn_mod.obj) : warning LNK4099: 找不到 PDB '' (有 'libcrypto.lib(libcrypto-lib-bn_mod.obj)' 或位於 '')，當做沒有偵錯資訊，連結物件
libcrypto.lib(libcrypto-lib-rsa_pk1.obj) : warning LNK4099: 找不到 PDB '' (有 'libcrypto.lib(libcrypto-lib-rsa_pk1.obj)' 或位於 '')，當做沒有偵錯資訊，連結物件
libcrypto.lib(libcrypto-lib-rsa_none.obj) : warning LNK4099: 找不到 PDB '' (有 'libcrypto.lib(libcrypto-lib-rsa_none.obj)' 或位於 '')，當做沒有偵錯資訊，連結物件
libcrypto.lib(libcrypto-lib-hmac.obj) : warning LNK4099: 找不到 PDB '' (有 'libcrypto.lib(libcrypto-lib-hmac.obj)' 或位於 '')，當做沒有偵錯資訊，連結物件
libcrypto.lib(libcrypto-lib-x_bignum.obj) : warning LNK4099: 找不到 PDB '' (有 'libcrypto.lib(libcrypto-lib-x_bignum.obj)' 或位於 '')，當做沒有偵錯資訊，連結物件
libcrypto.lib(libcrypto-lib-bn_exp2.obj) : warning LNK4099: 找不到 PDB '' (有 'libcrypto.lib(libcrypto-lib-bn_exp2.obj)' 或位於 '')，當做沒有偵錯資訊，連結物件
libcrypto.lib(libcrypto-lib-deterministic_nonce.obj) : warning LNK4099: 找不到 PDB '' (有 'libcrypto.lib(libcrypto-lib-deterministic_nonce.obj)' 或位於 '')，當做沒有偵錯資訊，連結物件
libcrypto.lib(libcrypto-lib-ec_check.obj) : warning LNK4099: 找不到 PDB '' (有 'libcrypto.lib(libcrypto-lib-ec_check.obj)' 或位於 '')，當做沒有偵錯資訊，連結物件
libcrypto.lib(libcrypto-lib-eck_prn.obj) : warning LNK4099: 找不到 PDB '' (有 'libcrypto.lib(libcrypto-lib-eck_prn.obj)' 或位於 '')，當做沒有偵錯資訊，連結物件
libcrypto.lib(libcrypto-lib-bn_recp.obj) : warning LNK4099: 找不到 PDB '' (有 'libcrypto.lib(libcrypto-lib-bn_recp.obj)' 或位於 '')，當做沒有偵錯資訊，連結物件
libcrypto.lib(libcrypto-lib-rsaz_exp.obj) : warning LNK4099: 找不到 PDB '' (有 'libcrypto.lib(libcrypto-lib-rsaz_exp.obj)' 或位於 '')，當做沒有偵錯資訊，連結物件
libcrypto.lib(libcrypto-lib-rsaz_exp_x2.obj) : warning LNK4099: 找不到 PDB '' (有 'libcrypto.lib(libcrypto-lib-rsaz_exp_x2.obj)' 或位於 '')，當做沒有偵錯資訊，連結物件
libcrypto.lib(libcrypto-lib-ecp_mont.obj) : warning LNK4099: 找不到 PDB '' (有 'libcrypto.lib(libcrypto-lib-ecp_mont.obj)' 或位於 '')，當做沒有偵錯資訊，連結物件
libcrypto.lib(libcrypto-lib-ec2_smpl.obj) : warning LNK4099: 找不到 PDB '' (有 'libcrypto.lib(libcrypto-lib-ec2_smpl.obj)' 或位於 '')，當做沒有偵錯資訊，連結物件
libcrypto.lib(libcrypto-lib-bn_rsa_fips186_4.obj) : warning LNK4099: 找不到 PDB '' (有 'libcrypto.lib(libcrypto-lib-bn_rsa_fips186_4.obj)' 或位於 '')，當做沒有偵錯資訊，連結物件
libcrypto.lib(libcrypto-lib-p_sign.obj) : warning LNK4099: 找不到 PDB '' (有 'libcrypto.lib(libcrypto-lib-p_sign.obj)' 或位於 '')，當做沒有偵錯資訊，連結物件
libcrypto.lib(libcrypto-lib-pk7_doit.obj) : warning LNK4099: 找不到 PDB '' (有 'libcrypto.lib(libcrypto-lib-pk7_doit.obj)' 或位於 '')，當做沒有偵錯資訊，連結物件
libcrypto.lib(libcrypto-lib-bf_buff.obj) : warning LNK4099: 找不到 PDB '' (有 'libcrypto.lib(libcrypto-lib-bf_buff.obj)' 或位於 '')，當做沒有偵錯資訊，連結物件
libcrypto.lib(libcrypto-lib-bss_conn.obj) : warning LNK4099: 找不到 PDB '' (有 'libcrypto.lib(libcrypto-lib-bss_conn.obj)' 或位於 '')，當做沒有偵錯資訊，連結物件
libcrypto.lib(libcrypto-lib-encode.obj) : warning LNK4099: 找不到 PDB '' (有 'libcrypto.lib(libcrypto-lib-encode.obj)' 或位於 '')，當做沒有偵錯資訊，連結物件
libcrypto.lib(libcrypto-lib-http_lib.obj) : warning LNK4099: 找不到 PDB '' (有 'libcrypto.lib(libcrypto-lib-http_lib.obj)' 或位於 '')，當做沒有偵錯資訊，連結物件
libcrypto.lib(libcrypto-lib-des_enc.obj) : warning LNK4099: 找不到 PDB '' (有 'libcrypto.lib(libcrypto-lib-des_enc.obj)' 或位於 '')，當做沒有偵錯資訊，連結物件
libcrypto.lib(libcrypto-lib-cfb_enc.obj) : warning LNK4099: 找不到 PDB '' (有 'libcrypto.lib(libcrypto-lib-cfb_enc.obj)' 或位於 '')，當做沒有偵錯資訊，連結物件
libcrypto.lib(libcrypto-lib-ecb_enc.obj) : warning LNK4099: 找不到 PDB '' (有 'libcrypto.lib(libcrypto-lib-ecb_enc.obj)' 或位於 '')，當做沒有偵錯資訊，連結物件
libcrypto.lib(libcrypto-lib-set_key.obj) : warning LNK4099: 找不到 PDB '' (有 'libcrypto.lib(libcrypto-lib-set_key.obj)' 或位於 '')，當做沒有偵錯資訊，連結物件
libcrypto.lib(libcrypto-lib-cfb64enc.obj) : warning LNK4099: 找不到 PDB '' (有 'libcrypto.lib(libcrypto-lib-cfb64enc.obj)' 或位於 '')，當做沒有偵錯資訊，連結物件
libcrypto.lib(libcrypto-lib-ofb64enc.obj) : warning LNK4099: 找不到 PDB '' (有 'libcrypto.lib(libcrypto-lib-ofb64enc.obj)' 或位於 '')，當做沒有偵錯資訊，連結物件
libcrypto.lib(libcrypto-lib-sha1_one.obj) : warning LNK4099: 找不到 PDB '' (有 'libcrypto.lib(libcrypto-lib-sha1_one.obj)' 或位於 '')，當做沒有偵錯資訊，連結物件
libcrypto.lib(libcrypto-lib-ecb3_enc.obj) : warning LNK4099: 找不到 PDB '' (有 'libcrypto.lib(libcrypto-lib-ecb3_enc.obj)' 或位於 '')，當做沒有偵錯資訊，連結物件
libcrypto.lib(libcrypto-lib-cfb64ede.obj) : warning LNK4099: 找不到 PDB '' (有 'libcrypto.lib(libcrypto-lib-cfb64ede.obj)' 或位於 '')，當做沒有偵錯資訊，連結物件
libcrypto.lib(libcrypto-lib-ofb64ede.obj) : warning LNK4099: 找不到 PDB '' (有 'libcrypto.lib(libcrypto-lib-ofb64ede.obj)' 或位於 '')，當做沒有偵錯資訊，連結物件
libcrypto.lib(libcrypto-lib-xcbc_enc.obj) : warning LNK4099: 找不到 PDB '' (有 'libcrypto.lib(libcrypto-lib-xcbc_enc.obj)' 或位於 '')，當做沒有偵錯資訊，連結物件
libcrypto.lib(libcrypto-lib-i_ecb.obj) : warning LNK4099: 找不到 PDB '' (有 'libcrypto.lib(libcrypto-lib-i_ecb.obj)' 或位於 '')，當做沒有偵錯資訊，連結物件
libcrypto.lib(libcrypto-lib-i_skey.obj) : warning LNK4099: 找不到 PDB '' (有 'libcrypto.lib(libcrypto-lib-i_skey.obj)' 或位於 '')，當做沒有偵錯資訊，連結物件
libcrypto.lib(libcrypto-lib-i_cbc.obj) : warning LNK4099: 找不到 PDB '' (有 'libcrypto.lib(libcrypto-lib-i_cbc.obj)' 或位於 '')，當做沒有偵錯資訊，連結物件
libcrypto.lib(libcrypto-lib-i_cfb64.obj) : warning LNK4099: 找不到 PDB '' (有 'libcrypto.lib(libcrypto-lib-i_cfb64.obj)' 或位於 '')，當做沒有偵錯資訊，連結物件
libcrypto.lib(libcrypto-lib-i_ofb64.obj) : warning LNK4099: 找不到 PDB '' (有 'libcrypto.lib(libcrypto-lib-i_ofb64.obj)' 或位於 '')，當做沒有偵錯資訊，連結物件
libcrypto.lib(libcrypto-lib-rc2_skey.obj) : warning LNK4099: 找不到 PDB '' (有 'libcrypto.lib(libcrypto-lib-rc2_skey.obj)' 或位於 '')，當做沒有偵錯資訊，連結物件
libcrypto.lib(libcrypto-lib-rc2_ecb.obj) : warning LNK4099: 找不到 PDB '' (有 'libcrypto.lib(libcrypto-lib-rc2_ecb.obj)' 或位於 '')，當做沒有偵錯資訊，連結物件
libcrypto.lib(libcrypto-lib-rc2_cbc.obj) : warning LNK4099: 找不到 PDB '' (有 'libcrypto.lib(libcrypto-lib-rc2_cbc.obj)' 或位於 '')，當做沒有偵錯資訊，連結物件
libcrypto.lib(libcrypto-lib-rc2cfb64.obj) : warning LNK4099: 找不到 PDB '' (有 'libcrypto.lib(libcrypto-lib-rc2cfb64.obj)' 或位於 '')，當做沒有偵錯資訊，連結物件
libcrypto.lib(libcrypto-lib-rc2ofb64.obj) : warning LNK4099: 找不到 PDB '' (有 'libcrypto.lib(libcrypto-lib-rc2ofb64.obj)' 或位於 '')，當做沒有偵錯資訊，連結物件
libcrypto.lib(libcrypto-lib-bf_skey.obj) : warning LNK4099: 找不到 PDB '' (有 'libcrypto.lib(libcrypto-lib-bf_skey.obj)' 或位於 '')，當做沒有偵錯資訊，連結物件
libcrypto.lib(libcrypto-lib-bf_ecb.obj) : warning LNK4099: 找不到 PDB '' (有 'libcrypto.lib(libcrypto-lib-bf_ecb.obj)' 或位於 '')，當做沒有偵錯資訊，連結物件
libcrypto.lib(libcrypto-lib-bf_enc.obj) : warning LNK4099: 找不到 PDB '' (有 'libcrypto.lib(libcrypto-lib-bf_enc.obj)' 或位於 '')，當做沒有偵錯資訊，連結物件
libcrypto.lib(libcrypto-lib-bf_cfb64.obj) : warning LNK4099: 找不到 PDB '' (有 'libcrypto.lib(libcrypto-lib-bf_cfb64.obj)' 或位於 '')，當做沒有偵錯資訊，連結物件
libcrypto.lib(libcrypto-lib-bf_ofb64.obj) : warning LNK4099: 找不到 PDB '' (有 'libcrypto.lib(libcrypto-lib-bf_ofb64.obj)' 或位於 '')，當做沒有偵錯資訊，連結物件
libcrypto.lib(libcrypto-lib-c_skey.obj) : warning LNK4099: 找不到 PDB '' (有 'libcrypto.lib(libcrypto-lib-c_skey.obj)' 或位於 '')，當做沒有偵錯資訊，連結物件
libcrypto.lib(libcrypto-lib-c_ecb.obj) : warning LNK4099: 找不到 PDB '' (有 'libcrypto.lib(libcrypto-lib-c_ecb.obj)' 或位於 '')，當做沒有偵錯資訊，連結物件
libcrypto.lib(libcrypto-lib-c_enc.obj) : warning LNK4099: 找不到 PDB '' (有 'libcrypto.lib(libcrypto-lib-c_enc.obj)' 或位於 '')，當做沒有偵錯資訊，連結物件
libcrypto.lib(libcrypto-lib-c_cfb64.obj) : warning LNK4099: 找不到 PDB '' (有 'libcrypto.lib(libcrypto-lib-c_cfb64.obj)' 或位於 '')，當做沒有偵錯資訊，連結物件
libcrypto.lib(libcrypto-lib-c_ofb64.obj) : warning LNK4099: 找不到 PDB '' (有 'libcrypto.lib(libcrypto-lib-c_ofb64.obj)' 或位於 '')，當做沒有偵錯資訊，連結物件
libcrypto.lib(libcrypto-lib-cbc128.obj) : warning LNK4099: 找不到 PDB '' (有 'libcrypto.lib(libcrypto-lib-cbc128.obj)' 或位於 '')，當做沒有偵錯資訊，連結物件
libcrypto.lib(libcrypto-lib-ofb128.obj) : warning LNK4099: 找不到 PDB '' (有 'libcrypto.lib(libcrypto-lib-ofb128.obj)' 或位於 '')，當做沒有偵錯資訊，連結物件
libcrypto.lib(libcrypto-lib-cfb128.obj) : warning LNK4099: 找不到 PDB '' (有 'libcrypto.lib(libcrypto-lib-cfb128.obj)' 或位於 '')，當做沒有偵錯資訊，連結物件
libcrypto.lib(libcrypto-lib-gcm128.obj) : warning LNK4099: 找不到 PDB '' (有 'libcrypto.lib(libcrypto-lib-gcm128.obj)' 或位於 '')，當做沒有偵錯資訊，連結物件
libcrypto.lib(libcrypto-lib-ccm128.obj) : warning LNK4099: 找不到 PDB '' (有 'libcrypto.lib(libcrypto-lib-ccm128.obj)' 或位於 '')，當做沒有偵錯資訊，連結物件
libcrypto.lib(libcrypto-lib-xts128.obj) : warning LNK4099: 找不到 PDB '' (有 'libcrypto.lib(libcrypto-lib-xts128.obj)' 或位於 '')，當做沒有偵錯資訊，連結物件
libcrypto.lib(libcrypto-lib-wrap128.obj) : warning LNK4099: 找不到 PDB '' (有 'libcrypto.lib(libcrypto-lib-wrap128.obj)' 或位於 '')，當做沒有偵錯資訊，連結物件
libcrypto.lib(libcrypto-lib-ocb128.obj) : warning LNK4099: 找不到 PDB '' (有 'libcrypto.lib(libcrypto-lib-ocb128.obj)' 或位於 '')，當做沒有偵錯資訊，連結物件
libcrypto.lib(libcrypto-lib-aria.obj) : warning LNK4099: 找不到 PDB '' (有 'libcrypto.lib(libcrypto-lib-aria.obj)' 或位於 '')，當做沒有偵錯資訊，連結物件
libcrypto.lib(libcrypto-lib-cmll_misc.obj) : warning LNK4099: 找不到 PDB '' (有 'libcrypto.lib(libcrypto-lib-cmll_misc.obj)' 或位於 '')，當做沒有偵錯資訊，連結物件
libcrypto.lib(libcrypto-lib-poly1305.obj) : warning LNK4099: 找不到 PDB '' (有 'libcrypto.lib(libcrypto-lib-poly1305.obj)' 或位於 '')，當做沒有偵錯資訊，連結物件
libcrypto.lib(libcrypto-lib-seed.obj) : warning LNK4099: 找不到 PDB '' (有 'libcrypto.lib(libcrypto-lib-seed.obj)' 或位於 '')，當做沒有偵錯資訊，連結物件
libcrypto.lib(libcrypto-lib-seed_ecb.obj) : warning LNK4099: 找不到 PDB '' (有 'libcrypto.lib(libcrypto-lib-seed_ecb.obj)' 或位於 '')，當做沒有偵錯資訊，連結物件
libcrypto.lib(libcrypto-lib-seed_cbc.obj) : warning LNK4099: 找不到 PDB '' (有 'libcrypto.lib(libcrypto-lib-seed_cbc.obj)' 或位於 '')，當做沒有偵錯資訊，連結物件
libcrypto.lib(libcrypto-lib-seed_cfb.obj) : warning LNK4099: 找不到 PDB '' (有 'libcrypto.lib(libcrypto-lib-seed_cfb.obj)' 或位於 '')，當做沒有偵錯資訊，連結物件
libcrypto.lib(libcrypto-lib-seed_ofb.obj) : warning LNK4099: 找不到 PDB '' (有 'libcrypto.lib(libcrypto-lib-seed_ofb.obj)' 或位於 '')，當做沒有偵錯資訊，連結物件
libcrypto.lib(libcrypto-lib-sm4.obj) : warning LNK4099: 找不到 PDB '' (有 'libcrypto.lib(libcrypto-lib-sm4.obj)' 或位於 '')，當做沒有偵錯資訊，連結物件
libcrypto.lib(libcrypto-lib-md4_dgst.obj) : warning LNK4099: 找不到 PDB '' (有 'libcrypto.lib(libcrypto-lib-md4_dgst.obj)' 或位於 '')，當做沒有偵錯資訊，連結物件
libcrypto.lib(libcrypto-lib-md5_sha1.obj) : warning LNK4099: 找不到 PDB '' (有 'libcrypto.lib(libcrypto-lib-md5_sha1.obj)' 或位於 '')，當做沒有偵錯資訊，連結物件
libcrypto.lib(libdefault-lib-blake2b_prov.obj) : warning LNK4099: 找不到 PDB '' (有 'libcrypto.lib(libdefault-lib-blake2b_prov.obj)' 或位於 '')，當做沒有偵錯資訊，連結物件
libcrypto.lib(libdefault-lib-blake2s_prov.obj) : warning LNK4099: 找不到 PDB '' (有 'libcrypto.lib(libdefault-lib-blake2s_prov.obj)' 或位於 '')，當做沒有偵錯資訊，連結物件
libcrypto.lib(libcrypto-lib-mdc2dgst.obj) : warning LNK4099: 找不到 PDB '' (有 'libcrypto.lib(libcrypto-lib-mdc2dgst.obj)' 或位於 '')，當做沒有偵錯資訊，連結物件
libcrypto.lib(libcrypto-lib-rmd_dgst.obj) : warning LNK4099: 找不到 PDB '' (有 'libcrypto.lib(libcrypto-lib-rmd_dgst.obj)' 或位於 '')，當做沒有偵錯資訊，連結物件
libcrypto.lib(libcrypto-lib-wp_dgst.obj) : warning LNK4099: 找不到 PDB '' (有 'libcrypto.lib(libcrypto-lib-wp_dgst.obj)' 或位於 '')，當做沒有偵錯資訊，連結物件
libcrypto.lib(libcrypto-lib-sm3.obj) : warning LNK4099: 找不到 PDB '' (有 'libcrypto.lib(libcrypto-lib-sm3.obj)' 或位於 '')，當做沒有偵錯資訊，連結物件
libcrypto.lib(libcrypto-lib-asn_moid.obj) : warning LNK4099: 找不到 PDB '' (有 'libcrypto.lib(libcrypto-lib-asn_moid.obj)' 或位於 '')，當做沒有偵錯資訊，連結物件
libcrypto.lib(libcrypto-lib-asn_mstbl.obj) : warning LNK4099: 找不到 PDB '' (有 'libcrypto.lib(libcrypto-lib-asn_mstbl.obj)' 或位於 '')，當做沒有偵錯資訊，連結物件
libcrypto.lib(libcrypto-lib-evp_cnf.obj) : warning LNK4099: 找不到 PDB '' (有 'libcrypto.lib(libcrypto-lib-evp_cnf.obj)' 或位於 '')，當做沒有偵錯資訊，連結物件
libcrypto.lib(libcrypto-lib-eng_cnf.obj) : warning LNK4099: 找不到 PDB '' (有 'libcrypto.lib(libcrypto-lib-eng_cnf.obj)' 或位於 '')，當做沒有偵錯資訊，連結物件
libcrypto.lib(libcrypto-lib-conf_ssl.obj) : warning LNK4099: 找不到 PDB '' (有 'libcrypto.lib(libcrypto-lib-conf_ssl.obj)' 或位於 '')，當做沒有偵錯資訊，連結物件
libcrypto.lib(libcrypto-lib-p12_p8d.obj) : warning LNK4099: 找不到 PDB '' (有 'libcrypto.lib(libcrypto-lib-p12_p8d.obj)' 或位於 '')，當做沒有偵錯資訊，連結物件
libcrypto.lib(libcrypto-lib-pem_lib.obj) : warning LNK4099: 找不到 PDB '' (有 'libcrypto.lib(libcrypto-lib-pem_lib.obj)' 或位於 '')，當做沒有偵錯資訊，連結物件
libcrypto.lib(libcrypto-lib-pem_pk8.obj) : warning LNK4099: 找不到 PDB '' (有 'libcrypto.lib(libcrypto-lib-pem_pk8.obj)' 或位於 '')，當做沒有偵錯資訊，連結物件
libcrypto.lib(libcrypto-lib-pem_oth.obj) : warning LNK4099: 找不到 PDB '' (有 'libcrypto.lib(libcrypto-lib-pem_oth.obj)' 或位於 '')，當做沒有偵錯資訊，連結物件
libcrypto.lib(libcrypto-lib-p5_pbe.obj) : warning LNK4099: 找不到 PDB '' (有 'libcrypto.lib(libcrypto-lib-p5_pbe.obj)' 或位於 '')，當做沒有偵錯資訊，連結物件
libcrypto.lib(libcrypto-lib-p12_key.obj) : warning LNK4099: 找不到 PDB '' (有 'libcrypto.lib(libcrypto-lib-p12_key.obj)' 或位於 '')，當做沒有偵錯資訊，連結物件
libcrypto.lib(libcrypto-lib-p5_pbev2.obj) : warning LNK4099: 找不到 PDB '' (有 'libcrypto.lib(libcrypto-lib-p5_pbev2.obj)' 或位於 '')，當做沒有偵錯資訊，連結物件
libcrypto.lib(libcrypto-lib-pbe_scrypt.obj) : warning LNK4099: 找不到 PDB '' (有 'libcrypto.lib(libcrypto-lib-pbe_scrypt.obj)' 或位於 '')，當做沒有偵錯資訊，連結物件
libcrypto.lib(libcrypto-lib-ffc_key_validate.obj) : warning LNK4099: 找不到 PDB '' (有 'libcrypto.lib(libcrypto-lib-ffc_key_validate.obj)' 或位於 '')，當做沒有偵錯資訊，連結物件
libcrypto.lib(libcrypto-lib-bn_kron.obj) : warning LNK4099: 找不到 PDB '' (有 'libcrypto.lib(libcrypto-lib-bn_kron.obj)' 或位於 '')，當做沒有偵錯資訊，連結物件
libcrypto.lib(libcrypto-lib-bn_sqrt.obj) : warning LNK4099: 找不到 PDB '' (有 'libcrypto.lib(libcrypto-lib-bn_sqrt.obj)' 或位於 '')，當做沒有偵錯資訊，連結物件
libcrypto.lib(libcrypto-lib-bn_gf2m.obj) : warning LNK4099: 找不到 PDB '' (有 'libcrypto.lib(libcrypto-lib-bn_gf2m.obj)' 或位於 '')，當做沒有偵錯資訊，連結物件
libcrypto.lib(libcrypto-lib-ui_openssl.obj) : warning LNK4099: 找不到 PDB '' (有 'libcrypto.lib(libcrypto-lib-ui_openssl.obj)' 或位於 '')，當做沒有偵錯資訊，連結物件
libcrypto.lib(libcrypto-lib-ui_null.obj) : warning LNK4099: 找不到 PDB '' (有 'libcrypto.lib(libcrypto-lib-ui_null.obj)' 或位於 '')，當做沒有偵錯資訊，連結物件
libcrypto.lib(libcommon-lib-digestcommon.obj) : warning LNK4099: 找不到 PDB '' (有 'libcrypto.lib(libcommon-lib-digestcommon.obj)' 或位於 '')，當做沒有偵錯資訊，連結物件
libcrypto.lib(libcommon-lib-ciphercommon.obj) : warning LNK4099: 找不到 PDB '' (有 'libcrypto.lib(libcommon-lib-ciphercommon.obj)' 或位於 '')，當做沒有偵錯資訊，連結物件
libcrypto.lib(libdefault-lib-cipher_cts.obj) : warning LNK4099: 找不到 PDB '' (有 'libcrypto.lib(libdefault-lib-cipher_cts.obj)' 或位於 '')，當做沒有偵錯資訊，連結物件
libcrypto.lib(libdefault-lib-cipher_aes_hw.obj) : warning LNK4099: 找不到 PDB '' (有 'libcrypto.lib(libdefault-lib-cipher_aes_hw.obj)' 或位於 '')，當做沒有偵錯資訊，連結物件
libcrypto.lib(libdefault-lib-cipher_aes_xts_hw.obj) : warning LNK4099: 找不到 PDB '' (有 'libcrypto.lib(libdefault-lib-cipher_aes_xts_hw.obj)' 或位於 '')，當做沒有偵錯資訊，連結物件
libcrypto.lib(libdefault-lib-cipher_aes_xts_fips.obj) : warning LNK4099: 找不到 PDB '' (有 'libcrypto.lib(libdefault-lib-cipher_aes_xts_fips.obj)' 或位於 '')，當做沒有偵錯資訊，連結物件
libcrypto.lib(libcommon-lib-ciphercommon_block.obj) : warning LNK4099: 找不到 PDB '' (有 'libcrypto.lib(libcommon-lib-ciphercommon_block.obj)' 或位於 '')，當做沒有偵錯資訊，連結物件
libcrypto.lib(libdefault-lib-cipher_aes_ocb_hw.obj) : warning LNK4099: 找不到 PDB '' (有 'libcrypto.lib(libdefault-lib-cipher_aes_ocb_hw.obj)' 或位於 '')，當做沒有偵錯資訊，連結物件
libcrypto.lib(libcommon-lib-ciphercommon_gcm.obj) : warning LNK4099: 找不到 PDB '' (有 'libcrypto.lib(libcommon-lib-ciphercommon_gcm.obj)' 或位於 '')，當做沒有偵錯資訊，連結物件
libcrypto.lib(libdefault-lib-cipher_aes_gcm_hw.obj) : warning LNK4099: 找不到 PDB '' (有 'libcrypto.lib(libdefault-lib-cipher_aes_gcm_hw.obj)' 或位於 '')，當做沒有偵錯資訊，連結物件
libcrypto.lib(libcommon-lib-ciphercommon_ccm.obj) : warning LNK4099: 找不到 PDB '' (有 'libcrypto.lib(libcommon-lib-ciphercommon_ccm.obj)' 或位於 '')，當做沒有偵錯資訊，連結物件
libcrypto.lib(libdefault-lib-cipher_aes_ccm_hw.obj) : warning LNK4099: 找不到 PDB '' (有 'libcrypto.lib(libdefault-lib-cipher_aes_ccm_hw.obj)' 或位於 '')，當做沒有偵錯資訊，連結物件
libcrypto.lib(libdefault-lib-cipher_aria_gcm_hw.obj) : warning LNK4099: 找不到 PDB '' (有 'libcrypto.lib(libdefault-lib-cipher_aria_gcm_hw.obj)' 或位於 '')，當做沒有偵錯資訊，連結物件
libcrypto.lib(libdefault-lib-cipher_aria_ccm_hw.obj) : warning LNK4099: 找不到 PDB '' (有 'libcrypto.lib(libdefault-lib-cipher_aria_ccm_hw.obj)' 或位於 '')，當做沒有偵錯資訊，連結物件
libcrypto.lib(libdefault-lib-cipher_aria_hw.obj) : warning LNK4099: 找不到 PDB '' (有 'libcrypto.lib(libdefault-lib-cipher_aria_hw.obj)' 或位於 '')，當做沒有偵錯資訊，連結物件
libcrypto.lib(libdefault-lib-cipher_camellia_hw.obj) : warning LNK4099: 找不到 PDB '' (有 'libcrypto.lib(libdefault-lib-cipher_camellia_hw.obj)' 或位於 '')，當做沒有偵錯資訊，連結物件
libcrypto.lib(libdefault-lib-cipher_sm4_gcm_hw.obj) : warning LNK4099: 找不到 PDB '' (有 'libcrypto.lib(libdefault-lib-cipher_sm4_gcm_hw.obj)' 或位於 '')，當做沒有偵錯資訊，連結物件
libcrypto.lib(libdefault-lib-cipher_sm4_ccm_hw.obj) : warning LNK4099: 找不到 PDB '' (有 'libcrypto.lib(libdefault-lib-cipher_sm4_ccm_hw.obj)' 或位於 '')，當做沒有偵錯資訊，連結物件
libcrypto.lib(libdefault-lib-cipher_sm4_hw.obj) : warning LNK4099: 找不到 PDB '' (有 'libcrypto.lib(libdefault-lib-cipher_sm4_hw.obj)' 或位於 '')，當做沒有偵錯資訊，連結物件
libcrypto.lib(libcrypto-lib-xts128gb.obj) : warning LNK4099: 找不到 PDB '' (有 'libcrypto.lib(libcrypto-lib-xts128gb.obj)' 或位於 '')，當做沒有偵錯資訊，連結物件
libcrypto.lib(libdefault-lib-cipher_sm4_xts_hw.obj) : warning LNK4099: 找不到 PDB '' (有 'libcrypto.lib(libdefault-lib-cipher_sm4_xts_hw.obj)' 或位於 '')，當做沒有偵錯資訊，連結物件
libcrypto.lib(libdefault-lib-cipher_tdes_common.obj) : warning LNK4099: 找不到 PDB '' (有 'libcrypto.lib(libdefault-lib-cipher_tdes_common.obj)' 或位於 '')，當做沒有偵錯資訊，連結物件
libcrypto.lib(libdefault-lib-cipher_tdes_hw.obj) : warning LNK4099: 找不到 PDB '' (有 'libcrypto.lib(libdefault-lib-cipher_tdes_hw.obj)' 或位於 '')，當做沒有偵錯資訊，連結物件
libcrypto.lib(libdefault-lib-cipher_tdes_default_hw.obj) : warning LNK4099: 找不到 PDB '' (有 'libcrypto.lib(libdefault-lib-cipher_tdes_default_hw.obj)' 或位於 '')，當做沒有偵錯資訊，連結物件
libcrypto.lib(libdefault-lib-cipher_tdes_wrap_hw.obj) : warning LNK4099: 找不到 PDB '' (有 'libcrypto.lib(libdefault-lib-cipher_tdes_wrap_hw.obj)' 或位於 '')，當做沒有偵錯資訊，連結物件
libcrypto.lib(libdefault-lib-cipher_chacha20_hw.obj) : warning LNK4099: 找不到 PDB '' (有 'libcrypto.lib(libdefault-lib-cipher_chacha20_hw.obj)' 或位於 '')，當做沒有偵錯資訊，連結物件
libcrypto.lib(libdefault-lib-cipher_chacha20_poly1305_hw.obj) : warning LNK4099: 找不到 PDB '' (有 'libcrypto.lib(libdefault-lib-cipher_chacha20_poly1305_hw.obj)' 或位於 '')，當做沒有偵錯資訊，連結物件
libcrypto.lib(libdefault-lib-cipher_aes_siv_hw.obj) : warning LNK4099: 找不到 PDB '' (有 'libcrypto.lib(libdefault-lib-cipher_aes_siv_hw.obj)' 或位於 '')，當做沒有偵錯資訊，連結物件
libcrypto.lib(libdefault-lib-cipher_aes_gcm_siv_hw.obj) : warning LNK4099: 找不到 PDB '' (有 'libcrypto.lib(libdefault-lib-cipher_aes_gcm_siv_hw.obj)' 或位於 '')，當做沒有偵錯資訊，連結物件
libcrypto.lib(libcrypto-lib-cmac.obj) : warning LNK4099: 找不到 PDB '' (有 'libcrypto.lib(libcrypto-lib-cmac.obj)' 或位於 '')，當做沒有偵錯資訊，連結物件
libcrypto.lib(libdefault-lib-ssl3_cbc.obj) : warning LNK4099: 找不到 PDB '' (有 'libcrypto.lib(libdefault-lib-ssl3_cbc.obj)' 或位於 '')，當做沒有偵錯資訊，連結物件
libcrypto.lib(libcrypto-lib-siphash.obj) : warning LNK4099: 找不到 PDB '' (有 'libcrypto.lib(libcrypto-lib-siphash.obj)' 或位於 '')，當做沒有偵錯資訊，連結物件
libcrypto.lib(libdefault-lib-pbkdf2_fips.obj) : warning LNK4099: 找不到 PDB '' (有 'libcrypto.lib(libdefault-lib-pbkdf2_fips.obj)' 或位於 '')，當做沒有偵錯資訊，連結物件
libcrypto.lib(libcrypto-lib-mac_lib.obj) : warning LNK4099: 找不到 PDB '' (有 'libcrypto.lib(libcrypto-lib-mac_lib.obj)' 或位於 '')，當做沒有偵錯資訊，連結物件
libcrypto.lib(libdefault-lib-securitycheck_default.obj) : warning LNK4099: 找不到 PDB '' (有 'libcrypto.lib(libdefault-lib-securitycheck_default.obj)' 或位於 '')，當做沒有偵錯資訊，連結物件
libcrypto.lib(libcommon-lib-der_wrap_gen.obj) : warning LNK4099: 找不到 PDB '' (有 'libcrypto.lib(libcommon-lib-der_wrap_gen.obj)' 或位於 '')，當做沒有偵錯資訊，連結物件
libcrypto.lib(libcrypto-lib-der_writer.obj) : warning LNK4099: 找不到 PDB '' (有 'libcrypto.lib(libcrypto-lib-der_writer.obj)' 或位於 '')，當做沒有偵錯資訊，連結物件
libcrypto.lib(libcrypto-lib-mac_meth.obj) : warning LNK4099: 找不到 PDB '' (有 'libcrypto.lib(libcrypto-lib-mac_meth.obj)' 或位於 '')，當做沒有偵錯資訊，連結物件
libcrypto.lib(libcrypto-lib-dsa_gen.obj) : warning LNK4099: 找不到 PDB '' (有 'libcrypto.lib(libcrypto-lib-dsa_gen.obj)' 或位於 '')，當做沒有偵錯資訊，連結物件
libcrypto.lib(libcrypto-lib-dsa_check.obj) : warning LNK4099: 找不到 PDB '' (有 'libcrypto.lib(libcrypto-lib-dsa_check.obj)' 或位於 '')，當做沒有偵錯資訊，連結物件
libcrypto.lib(libcrypto-lib-sm2_key.obj) : warning LNK4099: 找不到 PDB '' (有 'libcrypto.lib(libcrypto-lib-sm2_key.obj)' 或位於 '')，當做沒有偵錯資訊，連結物件
libcrypto.lib(libdefault-lib-securitycheck.obj) : warning LNK4099: 找不到 PDB '' (有 'libcrypto.lib(libdefault-lib-securitycheck.obj)' 或位於 '')，當做沒有偵錯資訊，連結物件
libcrypto.lib(libcommon-lib-der_dsa_sig.obj) : warning LNK4099: 找不到 PDB '' (有 'libcrypto.lib(libcommon-lib-der_dsa_sig.obj)' 或位於 '')，當做沒有偵錯資訊，連結物件
libcrypto.lib(libcommon-lib-der_rsa_key.obj) : warning LNK4099: 找不到 PDB '' (有 'libcrypto.lib(libcommon-lib-der_rsa_key.obj)' 或位於 '')，當做沒有偵錯資訊，連結物件
libcrypto.lib(libdefault-lib-der_rsa_sig.obj) : warning LNK4099: 找不到 PDB '' (有 'libcrypto.lib(libdefault-lib-der_rsa_sig.obj)' 或位於 '')，當做沒有偵錯資訊，連結物件
libcrypto.lib(libcommon-lib-der_ecx_key.obj) : warning LNK4099: 找不到 PDB '' (有 'libcrypto.lib(libcommon-lib-der_ecx_key.obj)' 或位於 '')，當做沒有偵錯資訊，連結物件
libcrypto.lib(libcommon-lib-der_ec_sig.obj) : warning LNK4099: 找不到 PDB '' (有 'libcrypto.lib(libcommon-lib-der_ec_sig.obj)' 或位於 '')，當做沒有偵錯資訊，連結物件
libcrypto.lib(libcrypto-lib-sm2_sign.obj) : warning LNK4099: 找不到 PDB '' (有 'libcrypto.lib(libcrypto-lib-sm2_sign.obj)' 或位於 '')，當做沒有偵錯資訊，連結物件
libcrypto.lib(libdefault-lib-der_sm2_sig.obj) : warning LNK4099: 找不到 PDB '' (有 'libcrypto.lib(libdefault-lib-der_sm2_sig.obj)' 或位於 '')，當做沒有偵錯資訊，連結物件
libcrypto.lib(libcrypto-lib-sm2_crypt.obj) : warning LNK4099: 找不到 PDB '' (有 'libcrypto.lib(libcrypto-lib-sm2_crypt.obj)' 或位於 '')，當做沒有偵錯資訊，連結物件
libcrypto.lib(libcrypto-lib-pem_all.obj) : warning LNK4099: 找不到 PDB '' (有 'libcrypto.lib(libcrypto-lib-pem_all.obj)' 或位於 '')，當做沒有偵錯資訊，連結物件
libcrypto.lib(libcrypto-lib-p12_p8e.obj) : warning LNK4099: 找不到 PDB '' (有 'libcrypto.lib(libcrypto-lib-p12_p8e.obj)' 或位於 '')，當做沒有偵錯資訊，連結物件
libcrypto.lib(libdefault-lib-endecoder_common.obj) : warning LNK4099: 找不到 PDB '' (有 'libcrypto.lib(libdefault-lib-endecoder_common.obj)' 或位於 '')，當做沒有偵錯資訊，連結物件
libcrypto.lib(libcrypto-lib-pvkfmt.obj) : warning LNK4099: 找不到 PDB '' (有 'libcrypto.lib(libcrypto-lib-pvkfmt.obj)' 或位於 '')，當做沒有偵錯資訊，連結物件
libcrypto.lib(libcrypto-lib-p12_decr.obj) : warning LNK4099: 找不到 PDB '' (有 'libcrypto.lib(libcrypto-lib-p12_decr.obj)' 或位於 '')，當做沒有偵錯資訊，連結物件
libcrypto.lib(libcrypto-lib-o_dir.obj) : warning LNK4099: 找不到 PDB '' (有 'libcrypto.lib(libcrypto-lib-o_dir.obj)' 或位於 '')，當做沒有偵錯資訊，連結物件
libcrypto.lib(libdefault-lib-file_store_any2obj.obj) : warning LNK4099: 找不到 PDB '' (有 'libcrypto.lib(libdefault-lib-file_store_any2obj.obj)' 或位於 '')，當做沒有偵錯資訊，連結物件
libcrypto.lib(libcrypto-lib-ct_b64.obj) : warning LNK4099: 找不到 PDB '' (有 'libcrypto.lib(libcrypto-lib-ct_b64.obj)' 或位於 '')，當做沒有偵錯資訊，連結物件
libcrypto.lib(libcrypto-lib-rand_uniform.obj) : warning LNK4099: 找不到 PDB '' (有 'libcrypto.lib(libcrypto-lib-rand_uniform.obj)' 或位於 '')，當做沒有偵錯資訊，連結物件
libcrypto.lib(libcrypto-lib-bn_print.obj) : warning LNK4099: 找不到 PDB '' (有 'libcrypto.lib(libcrypto-lib-bn_print.obj)' 或位於 '')，當做沒有偵錯資訊，連結物件
libcrypto.lib(libcrypto-lib-bss_null.obj) : warning LNK4099: 找不到 PDB '' (有 'libcrypto.lib(libcrypto-lib-bss_null.obj)' 或位於 '')，當做沒有偵錯資訊，連結物件
libcrypto.lib(libcrypto-lib-bio_md.obj) : warning LNK4099: 找不到 PDB '' (有 'libcrypto.lib(libcrypto-lib-bio_md.obj)' 或位於 '')，當做沒有偵錯資訊，連結物件
libcrypto.lib(libcrypto-lib-bio_enc.obj) : warning LNK4099: 找不到 PDB '' (有 'libcrypto.lib(libcrypto-lib-bio_enc.obj)' 或位於 '')，當做沒有偵錯資訊，連結物件
libcrypto.lib(libcrypto-lib-pk7_attr.obj) : warning LNK4099: 找不到 PDB '' (有 'libcrypto.lib(libcrypto-lib-pk7_attr.obj)' 或位於 '')，當做沒有偵錯資訊，連結物件
libcrypto.lib(libcrypto-lib-bss_dgram.obj) : warning LNK4099: 找不到 PDB '' (有 'libcrypto.lib(libcrypto-lib-bss_dgram.obj)' 或位於 '')，當做沒有偵錯資訊，連結物件
libcrypto.lib(libcrypto-lib-evp_key.obj) : warning LNK4099: 找不到 PDB '' (有 'libcrypto.lib(libcrypto-lib-evp_key.obj)' 或位於 '')，當做沒有偵錯資訊，連結物件
libcrypto.lib(libcrypto-lib-p12_utl.obj) : warning LNK4099: 找不到 PDB '' (有 'libcrypto.lib(libcrypto-lib-p12_utl.obj)' 或位於 '')，當做沒有偵錯資訊，連結物件
libcrypto.lib(libcommon-lib-ciphercommon_hw.obj) : warning LNK4099: 找不到 PDB '' (有 'libcrypto.lib(libcommon-lib-ciphercommon_hw.obj)' 或位於 '')，當做沒有偵錯資訊，連結物件
libcrypto.lib(libcommon-lib-tls_pad.obj) : warning LNK4099: 找不到 PDB '' (有 'libcrypto.lib(libcommon-lib-tls_pad.obj)' 或位於 '')，當做沒有偵錯資訊，連結物件
libcrypto.lib(libcrypto-lib-params_idx.obj) : warning LNK4099: 找不到 PDB '' (有 'libcrypto.lib(libcrypto-lib-params_idx.obj)' 或位於 '')，當做沒有偵錯資訊，連結物件
libcrypto.lib(libcommon-lib-ciphercommon_gcm_hw.obj) : warning LNK4099: 找不到 PDB '' (有 'libcrypto.lib(libcommon-lib-ciphercommon_gcm_hw.obj)' 或位於 '')，當做沒有偵錯資訊，連結物件
libcrypto.lib(libcommon-lib-ciphercommon_ccm_hw.obj) : warning LNK4099: 找不到 PDB '' (有 'libcrypto.lib(libcommon-lib-ciphercommon_ccm_hw.obj)' 或位於 '')，當做沒有偵錯資訊，連結物件
libcrypto.lib(libcrypto-lib-siv128.obj) : warning LNK4099: 找不到 PDB '' (有 'libcrypto.lib(libcrypto-lib-siv128.obj)' 或位於 '')，當做沒有偵錯資訊，連結物件
libcrypto.lib(libdefault-lib-cipher_aes_gcm_siv_polyval.obj) : warning LNK4099: 找不到 PDB '' (有 'libcrypto.lib(libdefault-lib-cipher_aes_gcm_siv_polyval.obj)' 或位於 '')，當做沒有偵錯資訊，連結物件
libcrypto.lib(libdefault-lib-digest_to_nid.obj) : warning LNK4099: 找不到 PDB '' (有 'libcrypto.lib(libdefault-lib-digest_to_nid.obj)' 或位於 '')，當做沒有偵錯資訊，連結物件
libcrypto.lib(libcommon-lib-der_dsa_gen.obj) : warning LNK4099: 找不到 PDB '' (有 'libcrypto.lib(libcommon-lib-der_dsa_gen.obj)' 或位於 '')，當做沒有偵錯資訊，連結物件
libcrypto.lib(libcommon-lib-der_rsa_gen.obj) : warning LNK4099: 找不到 PDB '' (有 'libcrypto.lib(libcommon-lib-der_rsa_gen.obj)' 或位於 '')，當做沒有偵錯資訊，連結物件
libcrypto.lib(libcommon-lib-der_ecx_gen.obj) : warning LNK4099: 找不到 PDB '' (有 'libcrypto.lib(libcommon-lib-der_ecx_gen.obj)' 或位於 '')，當做沒有偵錯資訊，連結物件
libcrypto.lib(libcommon-lib-der_ec_gen.obj) : warning LNK4099: 找不到 PDB '' (有 'libcrypto.lib(libcommon-lib-der_ec_gen.obj)' 或位於 '')，當做沒有偵錯資訊，連結物件
libcrypto.lib(libdefault-lib-der_sm2_gen.obj) : warning LNK4099: 找不到 PDB '' (有 'libcrypto.lib(libdefault-lib-der_sm2_gen.obj)' 或位於 '')，當做沒有偵錯資訊，連結物件
libcrypto.lib(libcrypto-lib-nsseq.obj) : warning LNK4099: 找不到 PDB '' (有 'libcrypto.lib(libcrypto-lib-nsseq.obj)' 或位於 '')，當做沒有偵錯資訊，連結物件
libcrypto.lib(libcrypto-lib-p12_asn.obj) : warning LNK4099: 找不到 PDB '' (有 'libcrypto.lib(libcrypto-lib-p12_asn.obj)' 或位於 '')，當做沒有偵錯資訊，連結物件
libcrypto.lib(libcrypto-lib-p12_init.obj) : warning LNK4099: 找不到 PDB '' (有 'libcrypto.lib(libcrypto-lib-p12_init.obj)' 或位於 '')，當做沒有偵錯資訊，連結物件
libssl.lib(libssl-lib-ssl_lib.obj) : warning LNK4099: 找不到 PDB '' (有 'libssl.lib(libssl-lib-ssl_lib.obj)' 或位於 '')，當做沒有偵錯資訊，連結物件
libssl.lib(libssl-lib-ssl_init.obj) : warning LNK4099: 找不到 PDB '' (有 'libssl.lib(libssl-lib-ssl_init.obj)' 或位於 '')，當做沒有偵錯資訊，連結物件
libssl.lib(libssl-lib-ssl_rsa.obj) : warning LNK4099: 找不到 PDB '' (有 'libssl.lib(libssl-lib-ssl_rsa.obj)' 或位於 '')，當做沒有偵錯資訊，連結物件
libssl.lib(libssl-lib-methods.obj) : warning LNK4099: 找不到 PDB '' (有 'libssl.lib(libssl-lib-methods.obj)' 或位於 '')，當做沒有偵錯資訊，連結物件
libssl.lib(libssl-lib-extensions_cust.obj) : warning LNK4099: 找不到 PDB '' (有 'libssl.lib(libssl-lib-extensions_cust.obj)' 或位於 '')，當做沒有偵錯資訊，連結物件
libssl.lib(libssl-lib-quic_method.obj) : warning LNK4099: 找不到 PDB '' (有 'libssl.lib(libssl-lib-quic_method.obj)' 或位於 '')，當做沒有偵錯資訊，連結物件
libssl.lib(libssl-lib-statem.obj) : warning LNK4099: 找不到 PDB '' (有 'libssl.lib(libssl-lib-statem.obj)' 或位於 '')，當做沒有偵錯資訊，連結物件
libssl.lib(libssl-lib-ssl_sess.obj) : warning LNK4099: 找不到 PDB '' (有 'libssl.lib(libssl-lib-ssl_sess.obj)' 或位於 '')，當做沒有偵錯資訊，連結物件
libssl.lib(libssl-lib-ssl_ciph.obj) : warning LNK4099: 找不到 PDB '' (有 'libssl.lib(libssl-lib-ssl_ciph.obj)' 或位於 '')，當做沒有偵錯資訊，連結物件
libssl.lib(libssl-lib-ssl_cert.obj) : warning LNK4099: 找不到 PDB '' (有 'libssl.lib(libssl-lib-ssl_cert.obj)' 或位於 '')，當做沒有偵錯資訊，連結物件
libssl.lib(libssl-lib-rec_layer_s3.obj) : warning LNK4099: 找不到 PDB '' (有 'libssl.lib(libssl-lib-rec_layer_s3.obj)' 或位於 '')，當做沒有偵錯資訊，連結物件
libssl.lib(libssl-lib-quic_impl.obj) : warning LNK4099: 找不到 PDB '' (有 'libssl.lib(libssl-lib-quic_impl.obj)' 或位於 '')，當做沒有偵錯資訊，連結物件
libssl.lib(libssl-lib-pqueue.obj) : warning LNK4099: 找不到 PDB '' (有 'libssl.lib(libssl-lib-pqueue.obj)' 或位於 '')，當做沒有偵錯資訊，連結物件
libssl.lib(libssl-lib-t1_lib.obj) : warning LNK4099: 找不到 PDB '' (有 'libssl.lib(libssl-lib-t1_lib.obj)' 或位於 '')，當做沒有偵錯資訊，連結物件
libssl.lib(libssl-lib-statem_lib.obj) : warning LNK4099: 找不到 PDB '' (有 'libssl.lib(libssl-lib-statem_lib.obj)' 或位於 '')，當做沒有偵錯資訊，連結物件
libssl.lib(libssl-lib-tls13_enc.obj) : warning LNK4099: 找不到 PDB '' (有 'libssl.lib(libssl-lib-tls13_enc.obj)' 或位於 '')，當做沒有偵錯資訊，連結物件
libssl.lib(libssl-lib-statem_srvr.obj) : warning LNK4099: 找不到 PDB '' (有 'libssl.lib(libssl-lib-statem_srvr.obj)' 或位於 '')，當做沒有偵錯資訊，連結物件
libssl.lib(libssl-lib-ssl_mcnf.obj) : warning LNK4099: 找不到 PDB '' (有 'libssl.lib(libssl-lib-ssl_mcnf.obj)' 或位於 '')，當做沒有偵錯資訊，連結物件
libssl.lib(libssl-lib-tls_depr.obj) : warning LNK4099: 找不到 PDB '' (有 'libssl.lib(libssl-lib-tls_depr.obj)' 或位於 '')，當做沒有偵錯資訊，連結物件
libssl.lib(libssl-lib-tls_srp.obj) : warning LNK4099: 找不到 PDB '' (有 'libssl.lib(libssl-lib-tls_srp.obj)' 或位於 '')，當做沒有偵錯資訊，連結物件
libssl.lib(libssl-lib-s3_lib.obj) : warning LNK4099: 找不到 PDB '' (有 'libssl.lib(libssl-lib-s3_lib.obj)' 或位於 '')，當做沒有偵錯資訊，連結物件
libssl.lib(libssl-lib-ssl_err.obj) : warning LNK4099: 找不到 PDB '' (有 'libssl.lib(libssl-lib-ssl_err.obj)' 或位於 '')，當做沒有偵錯資訊，連結物件
libssl.lib(libssl-lib-rec_layer_d1.obj) : warning LNK4099: 找不到 PDB '' (有 'libssl.lib(libssl-lib-rec_layer_d1.obj)' 或位於 '')，當做沒有偵錯資訊，連結物件
libssl.lib(libssl-lib-d1_lib.obj) : warning LNK4099: 找不到 PDB '' (有 'libssl.lib(libssl-lib-d1_lib.obj)' 或位於 '')，當做沒有偵錯資訊，連結物件
libssl.lib(libssl-lib-s3_msg.obj) : warning LNK4099: 找不到 PDB '' (有 'libssl.lib(libssl-lib-s3_msg.obj)' 或位於 '')，當做沒有偵錯資訊，連結物件
libssl.lib(libssl-lib-d1_msg.obj) : warning LNK4099: 找不到 PDB '' (有 'libssl.lib(libssl-lib-d1_msg.obj)' 或位於 '')，當做沒有偵錯資訊，連結物件
libssl.lib(libssl-lib-extensions.obj) : warning LNK4099: 找不到 PDB '' (有 'libssl.lib(libssl-lib-extensions.obj)' 或位於 '')，當做沒有偵錯資訊，連結物件
libssl.lib(libssl-lib-statem_dtls.obj) : warning LNK4099: 找不到 PDB '' (有 'libssl.lib(libssl-lib-statem_dtls.obj)' 或位於 '')，當做沒有偵錯資訊，連結物件
libssl.lib(libssl-lib-statem_clnt.obj) : warning LNK4099: 找不到 PDB '' (有 'libssl.lib(libssl-lib-statem_clnt.obj)' 或位於 '')，當做沒有偵錯資訊，連結物件
libssl.lib(libssl-lib-ssl_asn1.obj) : warning LNK4099: 找不到 PDB '' (有 'libssl.lib(libssl-lib-ssl_asn1.obj)' 或位於 '')，當做沒有偵錯資訊，連結物件
libssl.lib(libssl-lib-tls_common.obj) : warning LNK4099: 找不到 PDB '' (有 'libssl.lib(libssl-lib-tls_common.obj)' 或位於 '')，當做沒有偵錯資訊，連結物件
libssl.lib(libssl-lib-dtls_meth.obj) : warning LNK4099: 找不到 PDB '' (有 'libssl.lib(libssl-lib-dtls_meth.obj)' 或位於 '')，當做沒有偵錯資訊，連結物件
libssl.lib(libssl-lib-quic_demux.obj) : warning LNK4099: 找不到 PDB '' (有 'libssl.lib(libssl-lib-quic_demux.obj)' 或位於 '')，當做沒有偵錯資訊，連結物件
libssl.lib(libssl-lib-quic_statm.obj) : warning LNK4099: 找不到 PDB '' (有 'libssl.lib(libssl-lib-quic_statm.obj)' 或位於 '')，當做沒有偵錯資訊，連結物件
libssl.lib(libssl-lib-quic_channel.obj) : warning LNK4099: 找不到 PDB '' (有 'libssl.lib(libssl-lib-quic_channel.obj)' 或位於 '')，當做沒有偵錯資訊，連結物件
libssl.lib(libssl-lib-quic_fc.obj) : warning LNK4099: 找不到 PDB '' (有 'libssl.lib(libssl-lib-quic_fc.obj)' 或位於 '')，當做沒有偵錯資訊，連結物件
libssl.lib(libssl-lib-quic_sstream.obj) : warning LNK4099: 找不到 PDB '' (有 'libssl.lib(libssl-lib-quic_sstream.obj)' 或位於 '')，當做沒有偵錯資訊，連結物件
libssl.lib(libssl-lib-quic_rstream.obj) : warning LNK4099: 找不到 PDB '' (有 'libssl.lib(libssl-lib-quic_rstream.obj)' 或位於 '')，當做沒有偵錯資訊，連結物件
libssl.lib(libssl-lib-quic_stream_map.obj) : warning LNK4099: 找不到 PDB '' (有 'libssl.lib(libssl-lib-quic_stream_map.obj)' 或位於 '')，當做沒有偵錯資訊，連結物件
libssl.lib(libssl-lib-quic_reactor.obj) : warning LNK4099: 找不到 PDB '' (有 'libssl.lib(libssl-lib-quic_reactor.obj)' 或位於 '')，當做沒有偵錯資訊，連結物件
libssl.lib(libssl-lib-quic_thread_assist.obj) : warning LNK4099: 找不到 PDB '' (有 'libssl.lib(libssl-lib-quic_thread_assist.obj)' 或位於 '')，當做沒有偵錯資訊，連結物件
libssl.lib(libssl-lib-quic_port.obj) : warning LNK4099: 找不到 PDB '' (有 'libssl.lib(libssl-lib-quic_port.obj)' 或位於 '')，當做沒有偵錯資訊，連結物件
libssl.lib(libssl-lib-quic_engine.obj) : warning LNK4099: 找不到 PDB '' (有 'libssl.lib(libssl-lib-quic_engine.obj)' 或位於 '')，當做沒有偵錯資訊，連結物件
libssl.lib(libssl-lib-t1_enc.obj) : warning LNK4099: 找不到 PDB '' (有 'libssl.lib(libssl-lib-t1_enc.obj)' 或位於 '')，當做沒有偵錯資訊，連結物件
libssl.lib(libssl-lib-s3_enc.obj) : warning LNK4099: 找不到 PDB '' (有 'libssl.lib(libssl-lib-s3_enc.obj)' 或位於 '')，當做沒有偵錯資訊，連結物件
libssl.lib(libssl-lib-ssl_conf.obj) : warning LNK4099: 找不到 PDB '' (有 'libssl.lib(libssl-lib-ssl_conf.obj)' 或位於 '')，當做沒有偵錯資訊，連結物件
libssl.lib(libssl-lib-extensions_srvr.obj) : warning LNK4099: 找不到 PDB '' (有 'libssl.lib(libssl-lib-extensions_srvr.obj)' 或位於 '')，當做沒有偵錯資訊，連結物件
libssl.lib(libssl-lib-extensions_clnt.obj) : warning LNK4099: 找不到 PDB '' (有 'libssl.lib(libssl-lib-extensions_clnt.obj)' 或位於 '')，當做沒有偵錯資訊，連結物件
libssl.lib(libssl-lib-ssl3_meth.obj) : warning LNK4099: 找不到 PDB '' (有 'libssl.lib(libssl-lib-ssl3_meth.obj)' 或位於 '')，當做沒有偵錯資訊，連結物件
libssl.lib(libssl-lib-tls1_meth.obj) : warning LNK4099: 找不到 PDB '' (有 'libssl.lib(libssl-lib-tls1_meth.obj)' 或位於 '')，當做沒有偵錯資訊，連結物件
libssl.lib(libssl-lib-tls13_meth.obj) : warning LNK4099: 找不到 PDB '' (有 'libssl.lib(libssl-lib-tls13_meth.obj)' 或位於 '')，當做沒有偵錯資訊，連結物件
libssl.lib(libssl-lib-tlsany_meth.obj) : warning LNK4099: 找不到 PDB '' (有 'libssl.lib(libssl-lib-tlsany_meth.obj)' 或位於 '')，當做沒有偵錯資訊，連結物件
libssl.lib(libssl-lib-quic_wire_pkt.obj) : warning LNK4099: 找不到 PDB '' (有 'libssl.lib(libssl-lib-quic_wire_pkt.obj)' 或位於 '')，當做沒有偵錯資訊，連結物件
libssl.lib(libssl-lib-quic_types.obj) : warning LNK4099: 找不到 PDB '' (有 'libssl.lib(libssl-lib-quic_types.obj)' 或位於 '')，當做沒有偵錯資訊，連結物件
libssl.lib(libssl-lib-quic_record_util.obj) : warning LNK4099: 找不到 PDB '' (有 'libssl.lib(libssl-lib-quic_record_util.obj)' 或位於 '')，當做沒有偵錯資訊，連結物件
libssl.lib(libssl-lib-qlog.obj) : warning LNK4099: 找不到 PDB '' (有 'libssl.lib(libssl-lib-qlog.obj)' 或位於 '')，當做沒有偵錯資訊，連結物件
libssl.lib(libssl-lib-quic_record_tx.obj) : warning LNK4099: 找不到 PDB '' (有 'libssl.lib(libssl-lib-quic_record_tx.obj)' 或位於 '')，當做沒有偵錯資訊，連結物件
libssl.lib(libssl-lib-quic_wire.obj) : warning LNK4099: 找不到 PDB '' (有 'libssl.lib(libssl-lib-quic_wire.obj)' 或位於 '')，當做沒有偵錯資訊，連結物件
libssl.lib(libssl-lib-quic_rx_depack.obj) : warning LNK4099: 找不到 PDB '' (有 'libssl.lib(libssl-lib-quic_rx_depack.obj)' 或位於 '')，當做沒有偵錯資訊，連結物件
libssl.lib(libssl-lib-quic_lcidm.obj) : warning LNK4099: 找不到 PDB '' (有 'libssl.lib(libssl-lib-quic_lcidm.obj)' 或位於 '')，當做沒有偵錯資訊，連結物件
libssl.lib(libssl-lib-quic_srtm.obj) : warning LNK4099: 找不到 PDB '' (有 'libssl.lib(libssl-lib-quic_srtm.obj)' 或位於 '')，當做沒有偵錯資訊，連結物件
libssl.lib(libssl-lib-quic_cfq.obj) : warning LNK4099: 找不到 PDB '' (有 'libssl.lib(libssl-lib-quic_cfq.obj)' 或位於 '')，當做沒有偵錯資訊，連結物件
libssl.lib(libssl-lib-quic_ackm.obj) : warning LNK4099: 找不到 PDB '' (有 'libssl.lib(libssl-lib-quic_ackm.obj)' 或位於 '')，當做沒有偵錯資訊，連結物件
libssl.lib(libssl-lib-quic_txpim.obj) : warning LNK4099: 找不到 PDB '' (有 'libssl.lib(libssl-lib-quic_txpim.obj)' 或位於 '')，當做沒有偵錯資訊，連結物件
libssl.lib(libssl-lib-qlog_event_helpers.obj) : warning LNK4099: 找不到 PDB '' (有 'libssl.lib(libssl-lib-qlog_event_helpers.obj)' 或位於 '')，當做沒有偵錯資訊，連結物件
libssl.lib(libssl-lib-quic_record_rx.obj) : warning LNK4099: 找不到 PDB '' (有 'libssl.lib(libssl-lib-quic_record_rx.obj)' 或位於 '')，當做沒有偵錯資訊，連結物件
libssl.lib(libssl-lib-quic_txp.obj) : warning LNK4099: 找不到 PDB '' (有 'libssl.lib(libssl-lib-quic_txp.obj)' 或位於 '')，當做沒有偵錯資訊，連結物件
libssl.lib(libssl-lib-quic_tls.obj) : warning LNK4099: 找不到 PDB '' (有 'libssl.lib(libssl-lib-quic_tls.obj)' 或位於 '')，當做沒有偵錯資訊，連結物件
libssl.lib(libssl-lib-cc_newreno.obj) : warning LNK4099: 找不到 PDB '' (有 'libssl.lib(libssl-lib-cc_newreno.obj)' 或位於 '')，當做沒有偵錯資訊，連結物件
libssl.lib(libssl-lib-uint_set.obj) : warning LNK4099: 找不到 PDB '' (有 'libssl.lib(libssl-lib-uint_set.obj)' 或位於 '')，當做沒有偵錯資訊，連結物件
libssl.lib(libssl-lib-quic_sf_list.obj) : warning LNK4099: 找不到 PDB '' (有 'libssl.lib(libssl-lib-quic_sf_list.obj)' 或位於 '')，當做沒有偵錯資訊，連結物件
libssl.lib(libssl-lib-d1_srtp.obj) : warning LNK4099: 找不到 PDB '' (有 'libssl.lib(libssl-lib-d1_srtp.obj)' 或位於 '')，當做沒有偵錯資訊，連結物件
libssl.lib(libssl-lib-tls_multib.obj) : warning LNK4099: 找不到 PDB '' (有 'libssl.lib(libssl-lib-tls_multib.obj)' 或位於 '')，當做沒有偵錯資訊，連結物件
libssl.lib(libssl-lib-json_enc.obj) : warning LNK4099: 找不到 PDB '' (有 'libssl.lib(libssl-lib-json_enc.obj)' 或位於 '')，當做沒有偵錯資訊，連結物件
libssl.lib(libssl-lib-quic_record_shared.obj) : warning LNK4099: 找不到 PDB '' (有 'libssl.lib(libssl-lib-quic_record_shared.obj)' 或位於 '')，當做沒有偵錯資訊，連結物件
libssl.lib(libssl-lib-quic_fifd.obj) : warning LNK4099: 找不到 PDB '' (有 'libssl.lib(libssl-lib-quic_fifd.obj)' 或位於 '')，當做沒有偵錯資訊，連結物件
libcrypto.lib(libcrypto-lib-by_dir.obj) : warning LNK4099: 找不到 PDB '' (有 'libcrypto.lib(libcrypto-lib-by_dir.obj)' 或位於 '')，當做沒有偵錯資訊，連結物件
libcrypto.lib(libcrypto-lib-by_file.obj) : warning LNK4099: 找不到 PDB '' (有 'libcrypto.lib(libcrypto-lib-by_file.obj)' 或位於 '')，當做沒有偵錯資訊，連結物件
libcrypto.lib(libcrypto-lib-by_store.obj) : warning LNK4099: 找不到 PDB '' (有 'libcrypto.lib(libcrypto-lib-by_store.obj)' 或位於 '')，當做沒有偵錯資訊，連結物件
libcrypto.lib(libcrypto-lib-x509_d2.obj) : warning LNK4099: 找不到 PDB '' (有 'libcrypto.lib(libcrypto-lib-x509_d2.obj)' 或位於 '')，當做沒有偵錯資訊，連結物件
libcrypto.lib(libcrypto-lib-ct_policy.obj) : warning LNK4099: 找不到 PDB '' (有 'libcrypto.lib(libcrypto-lib-ct_policy.obj)' 或位於 '')，當做沒有偵錯資訊，連結物件
libcrypto.lib(libcrypto-lib-ocsp_cl.obj) : warning LNK4099: 找不到 PDB '' (有 'libcrypto.lib(libcrypto-lib-ocsp_cl.obj)' 或位於 '')，當做沒有偵錯資訊，連結物件
libcrypto.lib(libcrypto-lib-ocsp_ext.obj) : warning LNK4099: 找不到 PDB '' (有 'libcrypto.lib(libcrypto-lib-ocsp_ext.obj)' 或位於 '')，當做沒有偵錯資訊，連結物件
libcrypto.lib(libcrypto-lib-pem_xaux.obj) : warning LNK4099: 找不到 PDB '' (有 'libcrypto.lib(libcrypto-lib-pem_xaux.obj)' 或位於 '')，當做沒有偵錯資訊，連結物件
libcrypto.lib(libcrypto-lib-comp_lib.obj) : warning LNK4099: 找不到 PDB '' (有 'libcrypto.lib(libcrypto-lib-comp_lib.obj)' 或位於 '')，當做沒有偵錯資訊，連結物件
libcrypto.lib(libcrypto-lib-store_lib.obj) : warning LNK4099: 找不到 PDB '' (有 'libcrypto.lib(libcrypto-lib-store_lib.obj)' 或位於 '')，當做沒有偵錯資訊，連結物件
libcrypto.lib(libcrypto-lib-bss_dgram_pair.obj) : warning LNK4099: 找不到 PDB '' (有 'libcrypto.lib(libcrypto-lib-bss_dgram_pair.obj)' 或位於 '')，當做沒有偵錯資訊，連結物件
libcrypto.lib(libcrypto-lib-bn_const.obj) : warning LNK4099: 找不到 PDB '' (有 'libcrypto.lib(libcrypto-lib-bn_const.obj)' 或位於 '')，當做沒有偵錯資訊，連結物件
libcrypto.lib(libcrypto-lib-srp_vfy.obj) : warning LNK4099: 找不到 PDB '' (有 'libcrypto.lib(libcrypto-lib-srp_vfy.obj)' 或位於 '')，當做沒有偵錯資訊，連結物件
libcrypto.lib(libcrypto-lib-srp_lib.obj) : warning LNK4099: 找不到 PDB '' (有 'libcrypto.lib(libcrypto-lib-srp_lib.obj)' 或位於 '')，當做沒有偵錯資訊，連結物件
libcrypto.lib(libcrypto-lib-cversion.obj) : warning LNK4099: 找不到 PDB '' (有 'libcrypto.lib(libcrypto-lib-cversion.obj)' 或位於 '')，當做沒有偵錯資訊，連結物件
libcrypto.lib(libcrypto-lib-x_info.obj) : warning LNK4099: 找不到 PDB '' (有 'libcrypto.lib(libcrypto-lib-x_info.obj)' 或位於 '')，當做沒有偵錯資訊，連結物件
libcrypto.lib(libcrypto-lib-pem_info.obj) : warning LNK4099: 找不到 PDB '' (有 'libcrypto.lib(libcrypto-lib-pem_info.obj)' 或位於 '')，當做沒有偵錯資訊，連結物件
libcrypto.lib(libcrypto-lib-ocsp_lib.obj) : warning LNK4099: 找不到 PDB '' (有 'libcrypto.lib(libcrypto-lib-ocsp_lib.obj)' 或位於 '')，當做沒有偵錯資訊，連結物件
libcrypto.lib(libcrypto-lib-store_result.obj) : warning LNK4099: 找不到 PDB '' (有 'libcrypto.lib(libcrypto-lib-store_result.obj)' 或位於 '')，當做沒有偵錯資訊，連結物件
libcrypto.lib(libcrypto-lib-txt_db.obj) : warning LNK4099: 找不到 PDB '' (有 'libcrypto.lib(libcrypto-lib-txt_db.obj)' 或位於 '')，當做沒有偵錯資訊，連結物件
libcrypto.lib(libcrypto-lib-bn_srp.obj) : warning LNK4099: 找不到 PDB '' (有 'libcrypto.lib(libcrypto-lib-bn_srp.obj)' 或位於 '')，當做沒有偵錯資訊，連結物件
libcrypto.lib(libcrypto-lib-info.obj) : warning LNK4099: 找不到 PDB '' (有 'libcrypto.lib(libcrypto-lib-info.obj)' 或位於 '')，當做沒有偵錯資訊，連結物件
libcrypto.lib(libcrypto-lib-x_pkey.obj) : warning LNK4099: 找不到 PDB '' (有 'libcrypto.lib(libcrypto-lib-x_pkey.obj)' 或位於 '')，當做沒有偵錯資訊，連結物件
libcrypto.lib(libcrypto-lib-p12_mutl.obj) : warning LNK4099: 找不到 PDB '' (有 'libcrypto.lib(libcrypto-lib-p12_mutl.obj)' 或位於 '')，當做沒有偵錯資訊，連結物件
libcrypto.lib(libcrypto-lib-p12_kiss.obj) : warning LNK4099: 找不到 PDB '' (有 'libcrypto.lib(libcrypto-lib-p12_kiss.obj)' 或位於 '')，當做沒有偵錯資訊，連結物件
libcrypto.lib(libcrypto-lib-p12_sbag.obj) : warning LNK4099: 找不到 PDB '' (有 'libcrypto.lib(libcrypto-lib-p12_sbag.obj)' 或位於 '')，當做沒有偵錯資訊，連結物件
libcrypto.lib(libcrypto-lib-p12_add.obj) : warning LNK4099: 找不到 PDB '' (有 'libcrypto.lib(libcrypto-lib-p12_add.obj)' 或位於 '')，當做沒有偵錯資訊，連結物件
libcrypto.lib(libcrypto-lib-p12_attr.obj) : warning LNK4099: 找不到 PDB '' (有 'libcrypto.lib(libcrypto-lib-p12_attr.obj)' 或位於 '')，當做沒有偵錯資訊，連結物件
  CrashReport.vcxproj -> D:\HalfPeopleStudioC++ Porject\HERROR_TEST\RuningTime\CrashReport\CrashReport.exe
